"year","measure","category","level","cost_value","institution"
"1963","raw","total","total",1247.92254877584,"all_institutions"
"1963","raw","total","4yr",1286.11412632462,"all_institutions"
"1963","raw","total","2yr",775.433503174302,"all_institutions"
"1963","raw","tuition","total",508.247693386489,"all_institutions"
"1963","raw","tuition","4yr",552.578415165872,"all_institutions"
"1963","raw","tuition","2yr",171.248587045261,"all_institutions"
"1963","raw","dorm","total",282.340688900645,"all_institutions"
"1963","raw","dorm","4yr",278.597812766883,"all_institutions"
"1963","raw","dorm","2yr",209.139956241239,"all_institutions"
"1963","raw","board","total",457.334166488704,"all_institutions"
"1963","raw","board","4yr",454.937898391862,"all_institutions"
"1963","raw","board","2yr",395.044959887802,"all_institutions"
"1963","inf","total","total",12125.791745992,"all_institutions"
"1963","inf","total","4yr",12496.8909911028,"all_institutions"
"1963","inf","total","2yr",7534.71854609917,"all_institutions"
"1963","inf","tuition","total",4938.53219611341,"all_institutions"
"1963","inf","tuition","4yr",5369.28416928164,"all_institutions"
"1963","inf","tuition","2yr",1663.98524118601,"all_institutions"
"1963","inf","dorm","total",2743.44301125704,"all_institutions"
"1963","inf","dorm","4yr",2707.0742986526,"all_institutions"
"1963","inf","dorm","2yr",2032.167427085,"all_institutions"
"1963","inf","board","total",4443.8165386216,"all_institutions"
"1963","inf","board","4yr",4420.53252316857,"all_institutions"
"1963","inf","board","2yr",3838.56587782816,"all_institutions"
"1968","raw","total","total",1458.60997295715,"all_institutions"
"1968","raw","total","4yr",1545.25200904952,"all_institutions"
"1968","raw","total","2yr",1052.94348038254,"all_institutions"
"1968","raw","tuition","total",596.331940021769,"all_institutions"
"1968","raw","tuition","4yr",683.288820006278,"all_institutions"
"1968","raw","tuition","2yr",250.398011748656,"all_institutions"
"1968","raw","dorm","total",360.264036264399,"all_institutions"
"1968","raw","dorm","4yr",360.117907250181,"all_institutions"
"1968","raw","dorm","2yr",326.882308964391,"all_institutions"
"1968","raw","board","total",502.013996670978,"all_institutions"
"1968","raw","board","4yr",501.845281793064,"all_institutions"
"1968","raw","board","2yr",475.663159669493,"all_institutions"
"1968","inf","total","total",12255.6853602956,"all_institutions"
"1968","inf","total","4yr",12983.6781431577,"all_institutions"
"1968","inf","total","2yr",8847.15190283572,"all_institutions"
"1968","inf","tuition","total",5010.56263339849,"all_institutions"
"1968","inf","tuition","4yr",5741.20083055994,"all_institutions"
"1968","inf","tuition","2yr",2103.92037880663,"all_institutions"
"1968","inf","dorm","total",3027.04818762151,"all_institutions"
"1968","inf","dorm","4yr",3025.82036712565,"all_institutions"
"1968","inf","dorm","2yr",2746.56474505828,"all_institutions"
"1968","inf","board","total",4218.07453927558,"all_institutions"
"1968","inf","board","4yr",4216.65694547212,"all_institutions"
"1968","inf","board","2yr",3996.66677897082,"all_institutions"
"1969","raw","total","total",1560.03891285684,"all_institutions"
"1969","raw","total","4yr",1674.46840666229,"all_institutions"
"1969","raw","total","2yr",1089.37313298511,"all_institutions"
"1969","raw","tuition","total",645.140350045782,"all_institutions"
"1969","raw","tuition","4yr",755.008038514908,"all_institutions"
"1969","raw","tuition","2yr",247.442178076846,"all_institutions"
"1969","raw","dorm","total",389.228227967876,"all_institutions"
"1969","raw","dorm","4yr",391.873723682321,"all_institutions"
"1969","raw","dorm","2yr",346.912635835312,"all_institutions"
"1969","raw","board","total",525.670334843181,"all_institutions"
"1969","raw","board","4yr",527.586644465062,"all_institutions"
"1969","raw","board","2yr",495.018319072955,"all_institutions"
"1969","inf","total","total",12376.4463692787,"all_institutions"
"1969","inf","total","4yr",13284.2637842644,"all_institutions"
"1969","inf","total","2yr",8642.4563165756,"all_institutions"
"1969","inf","tuition","total",5118.17037203098,"all_institutions"
"1969","inf","tuition","4yr",5989.79706214005,"all_institutions"
"1969","inf","tuition","2yr",1963.0631141485,"all_institutions"
"1969","inf","dorm","total",3087.91162140445,"all_institutions"
"1969","inf","dorm","4yr",3108.8994541823,"all_institutions"
"1969","inf","dorm","2yr",2752.20418981616,"all_institutions"
"1969","inf","board","total",4170.36437584325,"all_institutions"
"1969","inf","board","4yr",4185.56726794208,"all_institutions"
"1969","inf","board","2yr",3927.18901261095,"all_institutions"
"1970","raw","total","total",1652.68273024831,"all_institutions"
"1970","raw","total","4yr",1784.32338379949,"all_institutions"
"1970","raw","total","2yr",1120.37193875548,"all_institutions"
"1970","raw","tuition","total",688.022347504627,"all_institutions"
"1970","raw","tuition","4yr",813.787615014909,"all_institutions"
"1970","raw","tuition","2yr",249.443912340556,"all_institutions"
"1970","raw","dorm","total",418.821253154018,"all_institutions"
"1970","raw","dorm","4yr",421.916744670247,"all_institutions"
"1970","raw","dorm","2yr",369.437653201271,"all_institutions"
"1970","raw","board","total",545.839129589665,"all_institutions"
"1970","raw","board","4yr",548.619024114337,"all_institutions"
"1970","raw","board","2yr",501.490373213652,"all_institutions"
"1970","inf","total","total",12467.8218757574,"all_institutions"
"1970","inf","total","4yr",13460.9176406281,"all_institutions"
"1970","inf","total","2yr",8452.07462469316,"all_institutions"
"1970","inf","tuition","total",5190.43366172244,"all_institutions"
"1970","inf","tuition","4yr",6139.20557346112,"all_institutions"
"1970","inf","tuition","2yr",1881.80236299004,"all_institutions"
"1970","inf","dorm","total",3159.58331658809,"all_institutions"
"1970","inf","dorm","4yr",3182.93567341732,"all_institutions"
"1970","inf","dorm","2yr",2787.03393579919,"all_institutions"
"1970","inf","board","total",4117.80489744691,"all_institutions"
"1970","inf","board","4yr",4138.77639374966,"all_institutions"
"1970","inf","board","2yr",3783.23832590392,"all_institutions"
"1971","raw","total","total",1730.48927488218,"all_institutions"
"1971","raw","total","4yr",1877.585632767,"all_institutions"
"1971","raw","total","2yr",1171.72550460506,"all_institutions"
"1971","raw","tuition","total",723.809896703214,"all_institutions"
"1971","raw","tuition","4yr",865.335956319599,"all_institutions"
"1971","raw","tuition","2yr",250.819498001247,"all_institutions"
"1971","raw","dorm","total",444.914722458834,"all_institutions"
"1971","raw","dorm","4yr",448.422305631726,"all_institutions"
"1971","raw","dorm","2yr",390.903748482076,"all_institutions"
"1971","raw","board","total",561.764655720133,"all_institutions"
"1971","raw","board","4yr",563.827370815676,"all_institutions"
"1971","raw","board","2yr",530.002258121733,"all_institutions"
"1971","inf","total","total",12602.7139330028,"all_institutions"
"1971","inf","total","4yr",13673.9793525098,"all_institutions"
"1971","inf","total","2yr",8533.37929155689,"all_institutions"
"1971","inf","tuition","total",5271.3236669138,"all_institutions"
"1971","inf","tuition","4yr",6302.02201870326,"all_institutions"
"1971","inf","tuition","2yr",1826.65470859061,"all_institutions"
"1971","inf","dorm","total",3240.20093803343,"all_institutions"
"1971","inf","dorm","4yr",3265.74577553448,"all_institutions"
"1971","inf","dorm","2yr",2846.85273059176,"all_institutions"
"1971","inf","board","total",4091.1893280556,"all_institutions"
"1971","inf","board","4yr",4106.21155827207,"all_institutions"
"1971","inf","board","2yr",3859.87185237452,"all_institutions"
"1972","raw","total","total",1834.38000175773,"all_institutions"
"1972","raw","total","4yr",2030.73731680052,"all_institutions"
"1972","raw","total","2yr",1275.9501354528,"all_institutions"
"1972","raw","tuition","total",759.453412408505,"all_institutions"
"1972","raw","tuition","4yr",950.341046548914,"all_institutions"
"1972","raw","tuition","2yr",286.849358551576,"all_institutions"
"1972","raw","dorm","total",487.780351486639,"all_institutions"
"1972","raw","dorm","4yr",492.429547173835,"all_institutions"
"1972","raw","dorm","2yr",414.828929967863,"all_institutions"
"1972","raw","board","total",587.146237862581,"all_institutions"
"1972","raw","board","4yr",587.966723077773,"all_institutions"
"1972","raw","board","2yr",574.271846933356,"all_institutions"
"1972","inf","total","total",12841.802705706,"all_institutions"
"1972","inf","total","4yr",14216.4262281962,"all_institutions"
"1972","inf","total","2yr",8932.44577792106,"all_institutions"
"1972","inf","tuition","total",5316.64697444367,"all_institutions"
"1972","inf","tuition","4yr",6652.97932337967,"all_institutions"
"1972","inf","tuition","2yr",2008.12419741162,"all_institutions"
"1972","inf","dorm","total",3414.76631423648,"all_institutions"
"1972","inf","dorm","4yr",3447.3135801781,"all_institutions"
"1972","inf","dorm","2yr",2904.06091985405,"all_institutions"
"1972","inf","board","total",4110.38941702583,"all_institutions"
"1972","inf","board","4yr",4116.13332463841,"all_institutions"
"1972","inf","board","2yr",4020.26066065539,"all_institutions"
"1973","raw","total","total",1903.05005711684,"all_institutions"
"1973","raw","total","4yr",2097.22809080469,"all_institutions"
"1973","raw","total","2yr",1358.38840620798,"all_institutions"
"1973","raw","tuition","total",795.65268220704,"all_institutions"
"1973","raw","tuition","4yr",984.584411982015,"all_institutions"
"1973","raw","tuition","2yr",328.46640023556,"all_institutions"
"1973","raw","dorm","total",495.413729371555,"all_institutions"
"1973","raw","dorm","4yr",499.864009858634,"all_institutions"
"1973","raw","dorm","2yr",429.693723756624,"all_institutions"
"1973","raw","board","total",611.983645538249,"all_institutions"
"1973","raw","board","4yr",612.779668964038,"all_institutions"
"1973","raw","board","2yr",600.228282215792,"all_institutions"
"1973","inf","total","total",12231.9690373632,"all_institutions"
"1973","inf","total","4yr",13480.060062044,"all_institutions"
"1973","inf","total","2yr",8731.12342122118,"all_institutions"
"1973","inf","tuition","total",5114.10561002074,"all_institutions"
"1973","inf","tuition","4yr",6328.4756998355,"all_institutions"
"1973","inf","tuition","2yr",2111.23760117091,"all_institutions"
"1973","inf","dorm","total",3184.30162974187,"all_institutions"
"1973","inf","dorm","4yr",3212.90607602112,"all_institutions"
"1973","inf","dorm","2yr",2761.8823293084,"all_institutions"
"1973","inf","board","total",3933.56179760065,"all_institutions"
"1973","inf","board","4yr",3938.6782861874,"all_institutions"
"1973","inf","board","2yr",3858.00349074187,"all_institutions"
"1974","raw","total","total",1983.08915650476,"all_institutions"
"1974","raw","total","4yr",2186.59906822433,"all_institutions"
"1974","raw","total","2yr",1431.50039281267,"all_institutions"
"1974","raw","tuition","total",809.364872625458,"all_institutions"
"1974","raw","tuition","4yr",1008.08194270351,"all_institutions"
"1974","raw","tuition","2yr",327.613386416651,"all_institutions"
"1974","raw","dorm","total",528.027839297148,"all_institutions"
"1974","raw","dorm","4yr",532.682868626155,"all_institutions"
"1974","raw","dorm","2yr",460.198647502729,"all_institutions"
"1974","raw","board","total",645.696444582152,"all_institutions"
"1974","raw","board","4yr",645.834256894662,"all_institutions"
"1974","raw","board","2yr",643.688358893286,"all_institutions"
"1974","inf","total","total",11474.8590288102,"all_institutions"
"1974","inf","total","4yr",12652.439744376,"all_institutions"
"1974","inf","total","2yr",8283.17030191596,"all_institutions"
"1974","inf","tuition","total",4683.27295612731,"all_institutions"
"1974","inf","tuition","4yr",5833.12058566246,"all_institutions"
"1974","inf","tuition","2yr",1895.68755028043,"all_institutions"
"1974","inf","dorm","total",3055.3568402851,"all_institutions"
"1974","inf","dorm","4yr",3082.29249527072,"all_institutions"
"1974","inf","dorm","2yr",2662.87301709133,"all_institutions"
"1974","inf","board","total",3736.22923239779,"all_institutions"
"1974","inf","board","4yr",3737.02666344283,"all_institutions"
"1974","inf","board","2yr",3724.60973454419,"all_institutions"
"1975","raw","total","total",2103.2941988667,"all_institutions"
"1975","raw","total","4yr",2354.79888651482,"all_institutions"
"1975","raw","total","2yr",1473.40085297695,"all_institutions"
"1975","raw","tuition","total",829.060630055476,"all_institutions"
"1975","raw","tuition","4yr",1073.14284036841,"all_institutions"
"1975","raw","tuition","2yr",297.208219956064,"all_institutions"
"1975","raw","dorm","total",568.898334959157,"all_institutions"
"1975","raw","dorm","4yr",576.083399492825,"all_institutions"
"1975","raw","dorm","2yr",473.99330274626,"all_institutions"
"1975","raw","board","total",705.33523385207,"all_institutions"
"1975","raw","board","4yr",705.572646653582,"all_institutions"
"1975","raw","board","2yr",702.199330274626,"all_institutions"
"1975","inf","total","total",11365.753063634,"all_institutions"
"1975","inf","total","4yr",12724.8307312732,"all_institutions"
"1975","inf","total","2yr",7961.94382493279,"all_institutions"
"1975","inf","tuition","total",4480.06674533148,"all_institutions"
"1975","inf","tuition","4yr",5799.03492921063,"all_institutions"
"1975","inf","tuition","2yr",1606.04980431314,"all_institutions"
"1975","inf","dorm","total",3074.20521434533,"all_institutions"
"1975","inf","dorm","4yr",3113.0317699836,"all_institutions"
"1975","inf","dorm","2yr",2561.35867047657,"all_institutions"
"1975","inf","board","total",3811.48110395716,"all_institutions"
"1975","inf","board","4yr",3812.76403207896,"all_institutions"
"1975","inf","board","2yr",3794.53535014307,"all_institutions"
"1976","raw","total","total",2275.20922796348,"all_institutions"
"1976","raw","total","4yr",2576.83983259443,"all_institutions"
"1976","raw","total","2yr",1597.84991575597,"all_institutions"
"1976","raw","tuition","total",924.047973962897,"all_institutions"
"1976","raw","tuition","4yr",1218.39594298047,"all_institutions"
"1976","raw","tuition","2yr",345.559063734846,"all_institutions"
"1976","raw","dorm","total",603.374215540104,"all_institutions"
"1976","raw","dorm","4yr",610.78506346834,"all_institutions"
"1976","raw","dorm","2yr",502.707471755894,"all_institutions"
"1976","raw","board","total",747.78703846048,"all_institutions"
"1976","raw","board","4yr",747.658826145626,"all_institutions"
"1976","raw","board","2yr",749.583380265229,"all_institutions"
"1976","inf","total","total",11617.4257131717,"all_institutions"
"1976","inf","total","4yr",13157.5790753553,"all_institutions"
"1976","inf","total","2yr",8158.7673208007,"all_institutions"
"1976","inf","tuition","total",4718.27318603556,"all_institutions"
"1976","inf","tuition","4yr",6221.24074693343,"all_institutions"
"1976","inf","tuition","2yr",1764.4560786377,"all_institutions"
"1976","inf","dorm","total",3080.88374472474,"all_institutions"
"1976","inf","dorm","4yr",3118.72420977725,"all_institutions"
"1976","inf","dorm","2yr",2566.87017475221,"all_institutions"
"1976","inf","board","total",3818.2687824114,"all_institutions"
"1976","inf","board","4yr",3817.61411864464,"all_institutions"
"1976","inf","board","2yr",3827.4410674108,"all_institutions"
"1977","raw","total","total",2410.75130077277,"all_institutions"
"1977","raw","total","4yr",2724.99742366971,"all_institutions"
"1977","raw","total","2yr",1703.45137416614,"all_institutions"
"1977","raw","tuition","total",984.468426843127,"all_institutions"
"1977","raw","tuition","4yr",1291.48008919355,"all_institutions"
"1977","raw","tuition","2yr",378.183621526614,"all_institutions"
"1977","raw","dorm","total",645.27648222702,"all_institutions"
"1977","raw","dorm","4yr",653.827075937965,"all_institutions"
"1977","raw","dorm","2yr",524.750509968843,"all_institutions"
"1977","raw","board","total",781.00639170262,"all_institutions"
"1977","raw","board","4yr",779.690258538197,"all_institutions"
"1977","raw","board","2yr",800.517242670681,"all_institutions"
"1977","inf","total","total",11534.8483806081,"all_institutions"
"1977","inf","total","4yr",13038.4383115347,"all_institutions"
"1977","inf","total","2yr",8150.59326876497,"all_institutions"
"1977","inf","tuition","total",4710.43779401516,"all_institutions"
"1977","inf","tuition","4yr",6179.41262155354,"all_institutions"
"1977","inf","tuition","2yr",1809.51503912512,"all_institutions"
"1977","inf","dorm","total",3087.48827955622,"all_institutions"
"1977","inf","dorm","4yr",3128.40075443005,"all_institutions"
"1977","inf","dorm","2yr",2510.80132911143,"all_institutions"
"1977","inf","board","total",3736.92230703671,"all_institutions"
"1977","inf","board","4yr",3730.62493555114,"all_institutions"
"1977","inf","board","2yr",3830.27690052841,"all_institutions"
"1978","raw","total","total",2586.63952877604,"all_institutions"
"1978","raw","total","4yr",2917.26287159751,"all_institutions"
"1978","raw","total","2yr",1828.04358245206,"all_institutions"
"1978","raw","tuition","total",1072.65182272249,"all_institutions"
"1978","raw","tuition","4yr",1396.73851524191,"all_institutions"
"1978","raw","tuition","2yr",410.890811419884,"all_institutions"
"1978","raw","dorm","total",687.939686108835,"all_institutions"
"1978","raw","dorm","4yr",695.50006117613,"all_institutions"
"1978","raw","dorm","2yr",575.010890808456,"all_institutions"
"1978","raw","board","total",826.048019944718,"all_institutions"
"1978","raw","board","4yr",825.024295179468,"all_institutions"
"1978","raw","board","2yr",842.141880223716,"all_institutions"
"1978","inf","total","total",11316.4535354927,"all_institutions"
"1978","inf","total","4yr",12762.9185937913,"all_institutions"
"1978","inf","total","2yr",7997.62395630868,"all_institutions"
"1978","inf","tuition","total",4692.81257653414,"all_institutions"
"1978","inf","tuition","4yr",6110.68002832516,"all_institutions"
"1978","inf","tuition","2yr",1797.63230394698,"all_institutions"
"1978","inf","dorm","total",3009.71101943834,"all_institutions"
"1978","inf","dorm","4yr",3042.78738443166,"all_institutions"
"1978","inf","dorm","2yr",2515.65166148806,"all_institutions"
"1978","inf","board","total",3613.92993952019,"all_institutions"
"1978","inf","board","4yr",3609.45118103444,"all_institutions"
"1978","inf","board","2yr",3684.33999087364,"all_institutions"
"1979","raw","total","total",2808.91832770165,"all_institutions"
"1979","raw","total","4yr",3167.05359083892,"all_institutions"
"1979","raw","total","2yr",1979.42491487303,"all_institutions"
"1979","raw","tuition","total",1162.82037226533,"all_institutions"
"1979","raw","tuition","4yr",1512.9424159103,"all_institutions"
"1979","raw","tuition","2yr",450.970072896576,"all_institutions"
"1979","raw","dorm","total",750.905690823371,"all_institutions"
"1979","raw","dorm","4yr",759.259178643044,"all_institutions"
"1979","raw","dorm","2yr",627.97879673818,"all_institutions"
"1979","raw","board","total",895.192264612949,"all_institutions"
"1979","raw","board","4yr",894.85199628557,"all_institutions"
"1979","raw","board","2yr",900.476045238272,"all_institutions"
"1979","inf","total","total",10843.1604427299,"all_institutions"
"1979","inf","total","4yr",12225.6563594319,"all_institutions"
"1979","inf","total","2yr",7641.09861245672,"all_institutions"
"1979","inf","tuition","total",4488.79119702448,"all_institutions"
"1979","inf","tuition","4yr",5840.3539877039,"all_institutions"
"1979","inf","tuition","2yr",1740.86259720065,"all_institutions"
"1979","inf","dorm","total",2898.69264003094,"all_institutions"
"1979","inf","dorm","4yr",2930.93929091851,"all_institutions"
"1979","inf","dorm","2yr",2424.16263246649,"all_institutions"
"1979","inf","board","total",3455.67660567452,"all_institutions"
"1979","inf","board","4yr",3454.36308080946,"all_institutions"
"1979","inf","board","2yr",3476.07338278959,"all_institutions"
"1980","raw","total","total",3101.25702428076,"all_institutions"
"1980","raw","total","4yr",3499.41504185705,"all_institutions"
"1980","raw","total","2yr",2230.14955066679,"all_institutions"
"1980","raw","tuition","total",1288.61467952634,"all_institutions"
"1980","raw","tuition","4yr",1678.65688970562,"all_institutions"
"1980","raw","tuition","2yr",525.897247786074,"all_institutions"
"1980","raw","dorm","total",836.208930462485,"all_institutions"
"1980","raw","dorm","4yr",845.889317308957,"all_institutions"
"1980","raw","dorm","2yr",704.532780640246,"all_institutions"
"1980","raw","board","total",976.433414291937,"all_institutions"
"1980","raw","board","4yr",974.868834842479,"all_institutions"
"1980","raw","board","2yr",999.719522240473,"all_institutions"
"1980","inf","total","total",10729.0067685031,"all_institutions"
"1980","inf","total","4yr",12106.4611465389,"all_institutions"
"1980","inf","total","2yr",7715.35201260119,"all_institutions"
"1980","inf","tuition","total",4458.04894930853,"all_institutions"
"1980","inf","tuition","4yr",5807.42614708719,"all_institutions"
"1980","inf","tuition","2yr",1819.37681619359,"all_institutions"
"1980","inf","dorm","total",2892.92090419221,"all_institutions"
"1980","inf","dorm","4yr",2926.41085203734,"all_institutions"
"1980","inf","dorm","2yr",2437.37842846952,"all_institutions"
"1980","inf","board","total",3378.03691500236,"all_institutions"
"1980","inf","board","4yr",3372.62414741435,"all_institutions"
"1980","inf","board","2yr",3458.59676793808,"all_institutions"
"1981","raw","total","total",3489.38376038878,"all_institutions"
"1981","raw","total","4yr",3950.80516792557,"all_institutions"
"1981","raw","total","2yr",2475.6514264018,"all_institutions"
"1981","raw","tuition","total",1456.64400085582,"all_institutions"
"1981","raw","tuition","4yr",1907.23352958606,"all_institutions"
"1981","raw","tuition","2yr",589.581899734949,"all_institutions"
"1981","raw","dorm","total",949.860633889018,"all_institutions"
"1981","raw","dorm","4yr",961.416502864593,"all_institutions"
"1981","raw","dorm","2yr",792.50865715486,"all_institutions"
"1981","raw","board","total",1082.87912564394,"all_institutions"
"1981","raw","board","4yr",1082.15513547492,"all_institutions"
"1981","raw","board","2yr",1093.56086951199,"all_institutions"
"1981","inf","total","total",11111.8711717613,"all_institutions"
"1981","inf","total","4yr",12581.2582006819,"all_institutions"
"1981","inf","total","2yr",7883.66130107135,"all_institutions"
"1981","inf","tuition","total",4638.65300927101,"all_institutions"
"1981","inf","tuition","4yr",6073.54614181577,"all_institutions"
"1981","inf","tuition","2yr",1877.51149341255,"all_institutions"
"1981","inf","dorm","total",3024.81174891646,"all_institutions"
"1981","inf","dorm","4yr",3061.61117716853,"all_institutions"
"1981","inf","dorm","2yr",2523.72759934814,"all_institutions"
"1981","inf","board","total",3448.40641357381,"all_institutions"
"1981","inf","board","4yr",3446.10088169763,"all_institutions"
"1981","inf","board","2yr",3482.42220831066,"all_institutions"
"1982","raw","total","total",3876.68435353954,"all_institutions"
"1982","raw","total","4yr",4405.97437886965,"all_institutions"
"1982","raw","total","2yr",2713.43959983317,"all_institutions"
"1982","raw","tuition","total",1625.8251364802,"all_institutions"
"1982","raw","tuition","4yr",2139.37219048459,"all_institutions"
"1982","raw","tuition","2yr",674.635968877904,"all_institutions"
"1982","raw","dorm","total",1063.62753404867,"all_institutions"
"1982","raw","dorm","4yr",1077.90083007863,"all_institutions"
"1982","raw","dorm","2yr",873.406279306958,"all_institutions"
"1982","raw","board","total",1187.23168301068,"all_institutions"
"1982","raw","board","4yr",1188.70135830642,"all_institutions"
"1982","raw","board","2yr",1165.39735164831,"all_institutions"
"1982","inf","total","total",11836.8227253235,"all_institutions"
"1982","inf","total","4yr",13452.9234002196,"all_institutions"
"1982","inf","total","2yr",8285.04479343866,"all_institutions"
"1982","inf","tuition","total",4964.19160495229,"all_institutions"
"1982","inf","tuition","4yr",6532.22368726822,"all_institutions"
"1982","inf","tuition","2yr",2059.8907828138,"all_institutions"
"1982","inf","dorm","total",3247.61301621371,"all_institutions"
"1982","inf","dorm","4yr",3291.19419523296,"all_institutions"
"1982","inf","dorm","2yr",2666.80347238009,"all_institutions"
"1982","inf","board","total",3625.01810415746,"all_institutions"
"1982","inf","board","4yr",3629.50551771839,"all_institutions"
"1982","inf","board","2yr",3558.35053824477,"all_institutions"
"1983","raw","total","total",4167.22603193574,"all_institutions"
"1983","raw","total","4yr",4747.13731759941,"all_institutions"
"1983","raw","total","2yr",2854.49353613482,"all_institutions"
"1983","raw","tuition","total",1782.67970296699,"all_institutions"
"1983","raw","tuition","4yr",2343.56161213085,"all_institutions"
"1983","raw","tuition","2yr",730.287230825778,"all_institutions"
"1983","raw","dorm","total",1145.11140649315,"all_institutions"
"1983","raw","dorm","4yr",1162.03566533325,"all_institutions"
"1983","raw","dorm","2yr",916.184899009146,"all_institutions"
"1983","raw","board","total",1239.4349224756,"all_institutions"
"1983","raw","board","4yr",1241.5400401353,"all_institutions"
"1983","raw","board","2yr",1208.0214062999,"all_institutions"
"1983","inf","total","total",12269.7811361491,"all_institutions"
"1983","inf","total","4yr",13977.2442060538,"all_institutions"
"1983","inf","total","2yr",8404.63432377277,"all_institutions"
"1983","inf","tuition","total",5248.83690580611,"all_institutions"
"1983","inf","tuition","4yr",6900.27078914392,"all_institutions"
"1983","inf","tuition","2yr",2150.22281491038,"all_institutions"
"1983","inf","dorm","total",3371.61128926146,"all_institutions"
"1983","inf","dorm","4yr",3421.44226801524,"all_institutions"
"1983","inf","dorm","2yr",2697.571023251,"all_institutions"
"1983","inf","board","total",3649.33294108151,"all_institutions"
"1983","inf","board","4yr",3655.53114889469,"all_institutions"
"1983","inf","board","2yr",3556.84048561139,"all_institutions"
"1984","raw","total","total",4562.70506171873,"all_institutions"
"1984","raw","total","4yr",5160.47891808204,"all_institutions"
"1984","raw","total","2yr",3179.39446380396,"all_institutions"
"1984","raw","tuition","total",1985.30247006733,"all_institutions"
"1984","raw","tuition","4yr",2567.45309004742,"all_institutions"
"1984","raw","tuition","2yr",821.156524711501,"all_institutions"
"1984","raw","dorm","total",1267.12107493356,"all_institutions"
"1984","raw","dorm","4yr",1282.1277858835,"all_institutions"
"1984","raw","dorm","2yr",1057.63185373472,"all_institutions"
"1984","raw","board","total",1310.28151671783,"all_institutions"
"1984","raw","board","4yr",1310.89804215112,"all_institutions"
"1984","raw","board","2yr",1300.60608535774,"all_institutions"
"1984","inf","total","total",12928.1748222147,"all_institutions"
"1984","inf","total","4yr",14621.9342948691,"all_institutions"
"1984","inf","total","2yr",9008.64002841235,"all_institutions"
"1984","inf","tuition","total",5625.24578310937,"all_institutions"
"1984","inf","tuition","4yr",7274.73767139903,"all_institutions"
"1984","inf","tuition","2yr",2326.70202528356,"all_institutions"
"1984","inf","dorm","total",3590.31814593838,"all_institutions"
"1984","inf","dorm","4yr",3632.83883926458,"all_institutions"
"1984","inf","dorm","2yr",2996.74191464719,"all_institutions"
"1984","inf","board","total",3712.6108931669,"all_institutions"
"1984","inf","board","4yr",3714.35778420546,"all_institutions"
"1984","inf","board","2yr",3685.19608848161,"all_institutions"
"1985","raw","total","total",4884.67234533873,"all_institutions"
"1985","raw","total","4yr",5504.16555616529,"all_institutions"
"1985","raw","total","2yr",3366.92313808081,"all_institutions"
"1985","raw","tuition","total",2181.04484315511,"all_institutions"
"1985","raw","tuition","4yr",2784.36013600112,"all_institutions"
"1985","raw","tuition","2yr",888.453668221934,"all_institutions"
"1985","raw","dorm","total",1338.24682622605,"all_institutions"
"1985","raw","dorm","4yr",1354.81746445224,"all_institutions"
"1985","raw","dorm","2yr",1106.92564543215,"all_institutions"
"1985","raw","board","total",1365.38067595757,"all_institutions"
"1985","raw","board","4yr",1364.98795571194,"all_institutions"
"1985","raw","board","2yr",1371.54382442673,"all_institutions"
"1985","inf","total","total",13452.5214976781,"all_institutions"
"1985","inf","total","4yr",15158.6227767664,"all_institutions"
"1985","inf","total","2yr",9272.59858878437,"all_institutions"
"1985","inf","tuition","total",6006.65726697977,"all_institutions"
"1985","inf","tuition","4yr",7668.20411661316,"all_institutions"
"1985","inf","tuition","2yr",2446.82574929552,"all_institutions"
"1985","inf","dorm","total",3685.56843248347,"all_institutions"
"1985","inf","dorm","4yr",3731.20442425695,"all_institutions"
"1985","inf","dorm","2yr",3048.50356149622,"all_institutions"
"1985","inf","board","total",3760.29579821485,"all_institutions"
"1985","inf","board","4yr",3759.21423589634,"all_institutions"
"1985","inf","board","2yr",3777.26927799263,"all_institutions"
"1986","raw","total","total",5205.73386131608,"all_institutions"
"1986","raw","total","4yr",5964.03675239432,"all_institutions"
"1986","raw","total","2yr",3295.35345313199,"all_institutions"
"1986","raw","tuition","total",2312.01229297767,"all_institutions"
"1986","raw","tuition","4yr",3042.12985129868,"all_institutions"
"1986","raw","tuition","2yr",897.220055692545,"all_institutions"
"1986","raw","dorm","total",1404.69145211112,"all_institutions"
"1986","raw","dorm","4yr",1426.50862530252,"all_institutions"
"1986","raw","dorm","2yr",1034.17995711116,"all_institutions"
"1986","raw","board","total",1489.03011622729,"all_institutions"
"1986","raw","board","4yr",1495.39827579311,"all_institutions"
"1986","raw","board","2yr",1363.95344032828,"all_institutions"
"1986","inf","total","total",14025.3373749563,"all_institutions"
"1986","inf","total","4yr",16068.3641917533,"all_institutions"
"1986","inf","total","2yr",8878.37242186994,"all_institutions"
"1986","inf","tuition","total",6229.04537341449,"all_institutions"
"1986","inf","tuition","4yr",8196.1350002827,"all_institutions"
"1986","inf","tuition","2yr",2417.29875477799,"all_institutions"
"1986","inf","dorm","total",3784.53298774573,"all_institutions"
"1986","inf","dorm","4yr",3843.31302197897,"all_institutions"
"1986","inf","dorm","2yr",2786.29741575665,"all_institutions"
"1986","inf","board","total",4011.75901379604,"all_institutions"
"1986","inf","board","4yr",4028.91616949159,"all_institutions"
"1986","inf","board","2yr",3674.7762513353,"all_institutions"
"1987","raw","total","total",5494.48107432604,"all_institutions"
"1987","raw","total","4yr",6272.34442084364,"all_institutions"
"1987","raw","total","2yr",3262.97561763437,"all_institutions"
"1987","raw","tuition","total",2458.01600712505,"all_institutions"
"1987","raw","tuition","4yr",3200.84073153099,"all_institutions"
"1987","raw","tuition","2yr",809.207474392072,"all_institutions"
"1987","raw","dorm","total",1487.62961223484,"all_institutions"
"1987","raw","dorm","4yr",1516.23367115475,"all_institutions"
"1987","raw","dorm","2yr",1017.10441028101,"all_institutions"
"1987","raw","board","total",1548.83545496615,"all_institutions"
"1987","raw","board","4yr",1555.27001815789,"all_institutions"
"1987","raw","board","2yr",1436.66373296129,"all_institutions"
"1987","inf","total","total",14214.3053534935,"all_institutions"
"1987","inf","total","4yr",16226.6495550882,"all_institutions"
"1987","inf","total","2yr",8441.36710321608,"all_institutions"
"1987","inf","tuition","total",6358.92445827309,"all_institutions"
"1987","inf","tuition","4yr",8280.62321635388,"all_institutions"
"1987","inf","tuition","2yr",2093.43193283255,"all_institutions"
"1987","inf","dorm","total",3848.52022878229,"all_institutions"
"1987","inf","dorm","4yr",3922.51936033573,"all_institutions"
"1987","inf","dorm","2yr",2631.26443945256,"all_institutions"
"1987","inf","board","total",4006.86066643816,"all_institutions"
"1987","inf","board","4yr",4023.50697839858,"all_institutions"
"1987","inf","board","2yr",3716.67073093097,"all_institutions"
"1988","raw","total","total",5868.55285846906,"all_institutions"
"1988","raw","total","4yr",6725.42611528266,"all_institutions"
"1988","raw","total","2yr",3572.93361860749,"all_institutions"
"1988","raw","tuition","total",2657.57690589819,"all_institutions"
"1988","raw","tuition","4yr",3472.20258630715,"all_institutions"
"1988","raw","tuition","2yr",979.445506119658,"all_institutions"
"1988","raw","dorm","total",1574.57870843957,"all_institutions"
"1988","raw","dorm","4yr",1608.75054495855,"all_institutions"
"1988","raw","dorm","2yr",1084.64543077381,"all_institutions"
"1988","raw","board","total",1636.3972441313,"all_institutions"
"1988","raw","board","4yr",1644.47298401696,"all_institutions"
"1988","raw","board","2yr",1508.84268171402,"all_institutions"
"1988","inf","total","total",14511.8263861501,"all_institutions"
"1988","inf","total","4yr",16630.7126325045,"all_institutions"
"1988","inf","total","2yr",8835.19218671518,"all_institutions"
"1988","inf","tuition","total",6571.68736421627,"all_institutions"
"1988","inf","tuition","4yr",8586.10330778812,"all_institutions"
"1988","inf","tuition","2yr",2421.98434303807,"all_institutions"
"1988","inf","dorm","total",3893.63671066335,"all_institutions"
"1988","inf","dorm","4yr",3978.13722907372,"all_institutions"
"1988","inf","dorm","2yr",2682.1239514279,"all_institutions"
"1988","inf","board","total",4046.50231127046,"all_institutions"
"1988","inf","board","4yr",4066.47209564264,"all_institutions"
"1988","inf","board","2yr",3731.08389224921,"all_institutions"
"1989","raw","total","total",6207.21903088995,"all_institutions"
"1989","raw","total","4yr",7211.5609028029,"all_institutions"
"1989","raw","total","2yr",3704.94375737292,"all_institutions"
"1989","raw","tuition","total",2839.24066898208,"all_institutions"
"1989","raw","tuition","4yr",3800.18580153058,"all_institutions"
"1989","raw","tuition","2yr",977.797577752337,"all_institutions"
"1989","raw","dorm","total",1637.91068499292,"all_institutions"
"1989","raw","dorm","4yr",1674.66198841369,"all_institutions"
"1989","raw","dorm","2yr",1104.72595330893,"all_institutions"
"1989","raw","board","total",1730.06767691495,"all_institutions"
"1989","raw","board","4yr",1736.71311285863,"all_institutions"
"1989","raw","board","2yr",1622.42022631165,"all_institutions"
"1989","inf","total","total",14650.2101616244,"all_institutions"
"1989","inf","total","4yr",17020.6468135971,"all_institutions"
"1989","inf","total","2yr",8744.36755210319,"all_institutions"
"1989","inf","tuition","total",6701.14463385623,"all_institutions"
"1989","inf","tuition","4yr",8969.15677835551,"all_institutions"
"1989","inf","tuition","2yr",2307.78710052143,"all_institutions"
"1989","inf","dorm","total",3865.77880395434,"all_institutions"
"1989","inf","dorm","4yr",3952.518826523,"all_institutions"
"1989","inf","dorm","2yr",2607.36205802234,"all_institutions"
"1989","inf","board","total",4083.28672381381,"all_institutions"
"1989","inf","board","4yr",4098.97120871856,"all_institutions"
"1989","inf","board","2yr",3829.21839355942,"all_institutions"
"1990","raw","total","total",6561.67818281573,"all_institutions"
"1990","raw","total","4yr",7601.57168422943,"all_institutions"
"1990","raw","total","2yr",3930.34724186548,"all_institutions"
"1990","raw","tuition","total",3016.25731603884,"all_institutions"
"1990","raw","tuition","4yr",4008.92697948378,"all_institutions"
"1990","raw","tuition","2yr",1087.47648420377,"all_institutions"
"1990","raw","dorm","total",1743.25773295943,"all_institutions"
"1990","raw","dorm","4yr",1781.82972243102,"all_institutions"
"1990","raw","dorm","2yr",1182.42459224707,"all_institutions"
"1990","raw","board","total",1802.16313381745,"all_institutions"
"1990","raw","board","4yr",1810.81498231463,"all_institutions"
"1990","raw","board","2yr",1660.44616541464,"all_institutions"
"1990","inf","total","total",14683.9947595685,"all_institutions"
"1990","inf","total","4yr",17011.1114361007,"all_institutions"
"1990","inf","total","2yr",8795.49357571075,"all_institutions"
"1990","inf","tuition","total",6749.90534254128,"all_institutions"
"1990","inf","tuition","4yr",8971.34256178526,"all_institutions"
"1990","inf","tuition","2yr",2433.59984295203,"all_institutions"
"1990","inf","dorm","total",3901.13423763934,"all_institutions"
"1990","inf","dorm","4yr",3987.45223061106,"all_institutions"
"1990","inf","dorm","2yr",2646.07864518742,"all_institutions"
"1990","inf","board","total",4032.95517938786,"all_institutions"
"1990","inf","board","4yr",4052.31664370438,"all_institutions"
"1990","inf","board","2yr",3715.81508757131,"all_institutions"
"1991","raw","total","total",7077.05221487786,"all_institutions"
"1991","raw","total","4yr",8237.74660495843,"all_institutions"
"1991","raw","total","2yr",4092.04196905392,"all_institutions"
"1991","raw","tuition","total",3285.50238537187,"all_institutions"
"1991","raw","tuition","4yr",4385.33077168954,"all_institutions"
"1991","raw","tuition","2yr",1189.1928715439,"all_institutions"
"1991","raw","dorm","total",1873.97806017633,"all_institutions"
"1991","raw","dorm","4yr",1921.09552734482,"all_institutions"
"1991","raw","dorm","2yr",1210.42944913796,"all_institutions"
"1991","raw","board","total",1917.57176932966,"all_institutions"
"1991","raw","board","4yr",1931.32030592407,"all_institutions"
"1991","raw","board","2yr",1692.41964837206,"all_institutions"
"1991","inf","total","total",15345.6123597453,"all_institutions"
"1991","inf","total","4yr",17862.4181762776,"all_institutions"
"1991","inf","total","2yr",8873.02903953406,"all_institutions"
"1991","inf","tuition","total",7124.15911061711,"all_institutions"
"1991","inf","tuition","4yr",9508.98538661858,"all_institutions"
"1991","inf","tuition","2yr",2578.60084588905,"all_institutions"
"1991","inf","dorm","total",4063.46314948442,"all_institutions"
"1991","inf","dorm","4yr",4165.63088325083,"all_institutions"
"1991","inf","dorm","2yr",2624.64943754999,"all_institutions"
"1991","inf","board","total",4157.99009964372,"all_institutions"
"1991","inf","board","4yr",4187.80190640814,"all_institutions"
"1991","inf","board","2yr",3669.77875609502,"all_institutions"
"1992","raw","total","total",7452.44259142644,"all_institutions"
"1992","raw","total","4yr",8757.58790292593,"all_institutions"
"1992","raw","total","2yr",4207.4493556987,"all_institutions"
"1992","raw","tuition","total",3517.1454601579,"all_institutions"
"1992","raw","tuition","4yr",4751.94340159906,"all_institutions"
"1992","raw","tuition","2yr",1275.65934927319,"all_institutions"
"1992","raw","dorm","total",1938.80884511637,"all_institutions"
"1992","raw","dorm","4yr",1990.93613857615,"all_institutions"
"1992","raw","dorm","2yr",1240.08682078627,"all_institutions"
"1992","raw","board","total",1996.48828615217,"all_institutions"
"1992","raw","board","4yr",2014.70836275072,"all_institutions"
"1992","raw","board","2yr",1691.70318563924,"all_institutions"
"1992","inf","total","total",15670.1298580013,"all_institutions"
"1992","inf","total","4yr",18414.4376824301,"all_institutions"
"1992","inf","total","2yr",8846.93534581698,"all_institutions"
"1992","inf","tuition","total",7395.44456921536,"all_institutions"
"1992","inf","tuition","4yr",9991.8341224923,"all_institutions"
"1992","inf","tuition","2yr",2682.30817110638,"all_institutions"
"1992","inf","dorm","total",4076.70183300263,"all_institutions"
"1992","inf","dorm","4yr",4186.30904535479,"all_institutions"
"1992","inf","dorm","2yr",2607.5103938771,"all_institutions"
"1992","inf","board","total",4197.98345578328,"all_institutions"
"1992","inf","board","4yr",4236.29451458305,"all_institutions"
"1992","inf","board","2yr",3557.1167808335,"all_institutions"
"1993","raw","total","total",7931.26467136256,"all_institutions"
"1993","raw","total","4yr",9296.34206025695,"all_institutions"
"1993","raw","total","2yr",4448.73246836689,"all_institutions"
"1993","raw","tuition","total",3827.24856485265,"all_institutions"
"1993","raw","tuition","4yr",5119.05171962992,"all_institutions"
"1993","raw","tuition","2yr",1398.70235076341,"all_institutions"
"1993","raw","dorm","total",2057.07836458541,"all_institutions"
"1993","raw","dorm","4yr",2110.61033738184,"all_institutions"
"1993","raw","dorm","2yr",1332.18130895528,"all_institutions"
"1993","raw","board","total",2046.93774192449,"all_institutions"
"1993","raw","board","4yr",2066.68000324519,"all_institutions"
"1993","raw","board","2yr",1717.8488086482,"all_institutions"
"1993","inf","total","total",16255.8461262185,"all_institutions"
"1993","inf","total","4yr",19053.6960157034,"all_institutions"
"1993","inf","total","2yr",9118.08059105665,"all_institutions"
"1993","inf","tuition","total",7844.29297658868,"all_institutions"
"1993","inf","tuition","4yr",10491.9606789723,"all_institutions"
"1993","inf","tuition","2yr",2866.76729784179,"all_institutions"
"1993","inf","dorm","total",4216.16863764665,"all_institutions"
"1993","inf","dorm","4yr",4325.8872700047,"all_institutions"
"1993","inf","dorm","2yr",2730.42639073612,"all_institutions"
"1993","inf","board","total",4195.38451198316,"all_institutions"
"1993","inf","board","4yr",4235.8480667264,"all_institutions"
"1993","inf","board","2yr",3520.88690247874,"all_institutions"
"1994","raw","total","total",8305.51436329503,"all_institutions"
"1994","raw","total","4yr",9727.94202211267,"all_institutions"
"1994","raw","total","2yr",4633.30166026898,"all_institutions"
"1994","raw","tuition","total",4044.47306124079,"all_institutions"
"1994","raw","tuition","4yr",5390.86931050523,"all_institutions"
"1994","raw","tuition","2yr",1487.61717455237,"all_institutions"
"1994","raw","dorm","total",2145.32394232158,"all_institutions"
"1994","raw","dorm","4yr",2199.50200879628,"all_institutions"
"1994","raw","dorm","2yr",1395.94262500261,"all_institutions"
"1994","raw","board","total",2115.71735973266,"all_institutions"
"1994","raw","board","4yr",2137.57070281117,"all_institutions"
"1994","raw","board","2yr",1749.741860714,"all_institutions"
"1994","inf","total","total",16548.5750223663,"all_institutions"
"1994","inf","total","4yr",19382.7343286051,"all_institutions"
"1994","inf","total","2yr",9231.76299171393,"all_institutions"
"1994","inf","tuition","total",8058.53351788434,"all_institutions"
"1994","inf","tuition","4yr",10741.2017267616,"all_institutions"
"1994","inf","tuition","2yr",2964.04814209168,"all_institutions"
"1994","inf","dorm","total",4274.51602078774,"all_institutions"
"1994","inf","dorm","4yr",4382.46475922898,"all_institutions"
"1994","inf","dorm","2yr",2781.38839406086,"all_institutions"
"1994","inf","board","total",4215.52548369423,"all_institutions"
"1994","inf","board","4yr",4259.06784261452,"all_institutions"
"1994","inf","board","2yr",3486.32645556138,"all_institutions"
"1995","raw","total","total",8800.35185836354,"all_institutions"
"1995","raw","total","4yr",10329.9454889084,"all_institutions"
"1995","raw","total","2yr",4724.87781546349,"all_institutions"
"1995","raw","tuition","total",4338.03678902213,"all_institutions"
"1995","raw","tuition","4yr",5785.91303804384,"all_institutions"
"1995","raw","tuition","2yr",1522.23744947185,"all_institutions"
"1995","raw","dorm","total",2263.79489395604,"all_institutions"
"1995","raw","dorm","4yr",2318.15004306713,"all_institutions"
"1995","raw","dorm","2yr",1472.83683519015,"all_institutions"
"1995","raw","board","total",2198.52017538537,"all_institutions"
"1995","raw","board","4yr",2225.88240779746,"all_institutions"
"1995","raw","board","2yr",1729.80353080149,"all_institutions"
"1995","inf","total","total",17070.1193959461,"all_institutions"
"1995","inf","total","4yr",20037.0855264953,"all_institutions"
"1995","inf","total","2yr",9164.88678399466,"all_institutions"
"1995","inf","tuition","total",8414.52786484206,"all_institutions"
"1995","inf","tuition","4yr",11222.9860764153,"all_institutions"
"1995","inf","tuition","2yr",2952.69728184447,"all_institutions"
"1995","inf","dorm","total",4391.10273653862,"all_institutions"
"1995","inf","dorm","4yr",4496.5358942173,"all_institutions"
"1995","inf","dorm","2yr",2856.87447866641,"all_institutions"
"1995","inf","board","total",4264.48879456546,"all_institutions"
"1995","inf","board","4yr",4317.56355586266,"all_institutions"
"1995","inf","board","2yr",3355.31502348377,"all_institutions"
"1996","raw","total","total",9205.78275342365,"all_institutions"
"1996","raw","total","4yr",10840.6650539831,"all_institutions"
"1996","raw","total","2yr",4895.17810769036,"all_institutions"
"1996","raw","tuition","total",4564.11965480435,"all_institutions"
"1996","raw","tuition","4yr",6118.45439714422,"all_institutions"
"1996","raw","tuition","2yr",1543.00767967521,"all_institutions"
"1996","raw","dorm","total",2365.36602353625,"all_institutions"
"1996","raw","dorm","4yr",2421.57253804204,"all_institutions"
"1996","raw","dorm","2yr",1522.48776093942,"all_institutions"
"1996","raw","board","total",2276.29707508306,"all_institutions"
"1996","raw","board","4yr",2300.63811879685,"all_institutions"
"1996","raw","board","2yr",1829.68266707573,"all_institutions"
"1996","inf","total","total",17361.2090294999,"all_institutions"
"1996","inf","total","4yr",20444.4377042246,"all_institutions"
"1996","inf","total","2yr",9231.82880159077,"all_institutions"
"1996","inf","tuition","total",8607.48482612607,"all_institutions"
"1996","inf","tuition","4yr",11538.8086566325,"all_institutions"
"1996","inf","tuition","2yr",2909.96209431536,"all_institutions"
"1996","inf","dorm","total",4460.84977951683,"all_institutions"
"1996","inf","dorm","4yr",4566.84978769559,"all_institutions"
"1996","inf","dorm","2yr",2871.26352755764,"all_institutions"
"1996","inf","board","total",4292.87442385699,"all_institutions"
"1996","inf","board","4yr",4338.77925989651,"all_institutions"
"1996","inf","board","2yr",3450.60317971777,"all_institutions"
"1997","raw","total","total",9587.5170979398,"all_institutions"
"1997","raw","total","4yr",11277.1273036604,"all_institutions"
"1997","raw","total","2yr",5192.02213645191,"all_institutions"
"1997","raw","tuition","total",4754.78617693622,"all_institutions"
"1997","raw","tuition","4yr",6350.50261017228,"all_institutions"
"1997","raw","tuition","2yr",1694.52201533991,"all_institutions"
"1997","raw","dorm","total",2443.99093152753,"all_institutions"
"1997","raw","dorm","4yr",2507.15680106565,"all_institutions"
"1997","raw","dorm","2yr",1597.81912022207,"all_institutions"
"1997","raw","board","total",2388.73998947605,"all_institutions"
"1997","raw","board","4yr",2419.46789242246,"all_institutions"
"1997","raw","board","2yr",1899.68100088994,"all_institutions"
"1997","inf","total","total",17764.3102069721,"all_institutions"
"1997","inf","total","4yr",20894.9184256252,"all_institutions"
"1997","inf","total","2yr",9620.081079513,"all_institutions"
"1997","inf","tuition","total",8809.94482221767,"all_institutions"
"1997","inf","tuition","4yr",11766.5811893601,"all_institutions"
"1997","inf","tuition","2yr",3139.70910565679,"all_institutions"
"1997","inf","dorm","total",4528.36877443601,"all_institutions"
"1997","inf","dorm","4yr",4645.40617729075,"all_institutions"
"1997","inf","dorm","2yr",2960.53234808368,"all_institutions"
"1997","inf","board","total",4425.99661031847,"all_institutions"
"1997","inf","board","4yr",4482.93105897433,"all_institutions"
"1997","inf","board","2yr",3519.83962577253,"all_institutions"
"1998","raw","total","total",10075.7723729716,"all_institutions"
"1998","raw","total","4yr",11888.3979962259,"all_institutions"
"1998","raw","total","2yr",5290.86547470633,"all_institutions"
"1998","raw","tuition","total",5012.9595906179,"all_institutions"
"1998","raw","tuition","4yr",6722.74614517273,"all_institutions"
"1998","raw","tuition","2yr",1725.29602991178,"all_institutions"
"1998","raw","dorm","total",2557.28091285071,"all_institutions"
"1998","raw","dorm","4yr",2625.5043720651,"all_institutions"
"1998","raw","dorm","2yr",1616.00055633896,"all_institutions"
"1998","raw","board","total",2505.53186950302,"all_institutions"
"1998","raw","board","4yr",2540.14747898811,"all_institutions"
"1998","raw","board","2yr",1949.56888845559,"all_institutions"
"1998","inf","total","total",18351.2892975289,"all_institutions"
"1998","inf","total","4yr",21652.6756299241,"all_institutions"
"1998","inf","total","2yr",9636.40298396377,"all_institutions"
"1998","inf","tuition","total",9130.24513446005,"all_institutions"
"1998","inf","tuition","4yr",12244.3277613989,"all_institutions"
"1998","inf","tuition","2yr",3142.33047321724,"all_institutions"
"1998","inf","dorm","total",4657.64807992893,"all_institutions"
"1998","inf","dorm","4yr",4781.90539644789,"all_institutions"
"1998","inf","dorm","2yr",2943.26753489347,"all_institutions"
"1998","inf","board","total",4563.39608313995,"all_institutions"
"1998","inf","board","4yr",4626.44247207735,"all_institutions"
"1998","inf","board","2yr",3550.80497585306,"all_institutions"
"1999","raw","total","total",10430.226982366,"all_institutions"
"1999","raw","total","4yr",12349.0814737585,"all_institutions"
"1999","raw","total","2yr",5419.55609383047,"all_institutions"
"1999","raw","tuition","total",5221.80527702784,"all_institutions"
"1999","raw","tuition","4yr",7040.38851247954,"all_institutions"
"1999","raw","tuition","2yr",1727.8284620216,"all_institutions"
"1999","raw","dorm","total",2685.91070661455,"all_institutions"
"1999","raw","dorm","4yr",2750.62089274653,"all_institutions"
"1999","raw","dorm","2yr",1771.41650761444,"all_institutions"
"1999","raw","board","total",2522.51099872357,"all_institutions"
"1999","raw","board","4yr",2558.07206853239,"all_institutions"
"1999","raw","board","2yr",1920.31112419443,"all_institutions"
"1999","inf","total","total",18463.8528294919,"all_institutions"
"1999","inf","total","4yr",21860.6578070039,"all_institutions"
"1999","inf","total","2yr",9593.83590470657,"all_institutions"
"1999","inf","tuition","total",9243.77238408246,"all_institutions"
"1999","inf","tuition","4yr",12463.0746365004,"all_institutions"
"1999","inf","tuition","2yr",3058.64584647204,"all_institutions"
"1999","inf","dorm","total",4754.66738009936,"all_institutions"
"1999","inf","dorm","4yr",4869.21899583408,"all_institutions"
"1999","inf","dorm","2yr",3135.80651232446,"all_institutions"
"1999","inf","board","total",4465.41306531007,"all_institutions"
"1999","inf","board","4yr",4528.36417466939,"all_institutions"
"1999","inf","board","2yr",3399.38354591008,"all_institutions"
"2000","raw","total","total",10819.7417057039,"all_institutions"
"2000","raw","total","4yr",12922.4684757457,"all_institutions"
"2000","raw","total","2yr",5466.24117607367,"all_institutions"
"2000","raw","tuition","total",5377.19207670649,"all_institutions"
"2000","raw","tuition","4yr",7371.5347275405,"all_institutions"
"2000","raw","tuition","2yr",1698.1423516703,"all_institutions"
"2000","raw","dorm","total",2821.43728004733,"all_institutions"
"2000","raw","dorm","4yr",2892.72599971996,"all_institutions"
"2000","raw","dorm","2yr",1780.69499416553,"all_institutions"
"2000","raw","board","total",2621.11234895011,"all_institutions"
"2000","raw","board","4yr",2658.20774848528,"all_institutions"
"2000","raw","board","2yr",1987.40383023785,"all_institutions"
"2000","inf","total","total",18518.9174438231,"all_institutions"
"2000","inf","total","4yr",22117.9149541604,"all_institutions"
"2000","inf","total","2yr",9355.9413728305,"all_institutions"
"2000","inf","tuition","total",9203.52618913362,"all_institutions"
"2000","inf","tuition","4yr",12617.0149682622,"all_institutions"
"2000","inf","tuition","2yr",2906.51652080228,"all_institutions"
"2000","inf","dorm","total",4829.13229200069,"all_institutions"
"2000","inf","dorm","4yr",4951.14906007171,"all_institutions"
"2000","inf","dorm","2yr",3047.81246045792,"all_institutions"
"2000","inf","board","total",4486.25896268884,"all_institutions"
"2000","inf","board","4yr",4549.75092582649,"all_institutions"
"2000","inf","board","2yr",3401.61239157031,"all_institutions"
"2001","raw","total","total",11380.2639952652,"all_institutions"
"2001","raw","total","4yr",13639.1455141537,"all_institutions"
"2001","raw","total","2yr",5717.87150985652,"all_institutions"
"2001","raw","tuition","total",5646.49845800705,"all_institutions"
"2001","raw","tuition","4yr",7786.04321983912,"all_institutions"
"2001","raw","tuition","2yr",1799.73639703973,"all_institutions"
"2001","raw","dorm","total",2981.08764863636,"all_institutions"
"2001","raw","dorm","4yr",3060.04613696158,"all_institutions"
"2001","raw","dorm","2yr",1848.06025703672,"all_institutions"
"2001","raw","board","total",2752.67788862176,"all_institutions"
"2001","raw","board","4yr",2793.05615735303,"all_institutions"
"2001","raw","board","2yr",2070.07485578008,"all_institutions"
"2001","inf","total","total",19139.4362003964,"all_institutions"
"2001","inf","total","4yr",22938.4446182161,"all_institutions"
"2001","inf","total","2yr",9616.37067562715,"all_institutions"
"2001","inf","tuition","total",9496.33479835146,"all_institutions"
"2001","inf","tuition","4yr",13094.6415233988,"all_institutions"
"2001","inf","tuition","2yr",3026.81378595477,"all_institutions"
"2001","inf","dorm","total",5013.6215541752,"all_institutions"
"2001","inf","dorm","4yr",5146.41469064454,"all_institutions"
"2001","inf","dorm","2yr",3108.08531320176,"all_institutions"
"2001","inf","board","total",4629.47984786978,"all_institutions"
"2001","inf","board","4yr",4697.38840417271,"all_institutions"
"2001","inf","board","2yr",3481.47157647062,"all_institutions"
"2002","raw","total","total",12013.519554342,"all_institutions"
"2002","raw","total","4yr",14439.0728434388,"all_institutions"
"2002","raw","total","2yr",6252.12833105185,"all_institutions"
"2002","raw","tuition","total",6002.19032124367,"all_institutions"
"2002","raw","tuition","4yr",8308.53061536777,"all_institutions"
"2002","raw","tuition","2yr",1903.26100103335,"all_institutions"
"2002","raw","dorm","total",3179.01130721095,"all_institutions"
"2002","raw","dorm","4yr",3263.16500891568,"all_institutions"
"2002","raw","dorm","2yr",2077.04343966909,"all_institutions"
"2002","raw","board","total",2832.31792588742,"all_institutions"
"2002","raw","board","4yr",2867.37721915534,"all_institutions"
"2002","raw","board","2yr",2271.82389034941,"all_institutions"
"2002","inf","total","total",19769.9804931304,"all_institutions"
"2002","inf","total","4yr",23761.5785417772,"all_institutions"
"2002","inf","total","2yr",10288.779619189,"all_institutions"
"2002","inf","tuition","total",9877.47054726816,"all_institutions"
"2002","inf","tuition","4yr",13672.8864051359,"all_institutions"
"2002","inf","tuition","2yr",3132.09069944582,"all_institutions"
"2002","inf","dorm","total",5231.52197378212,"all_institutions"
"2002","inf","dorm","4yr",5370.00903692806,"all_institutions"
"2002","inf","dorm","2yr",3418.07478648512,"all_institutions"
"2002","inf","board","total",4660.98797208014,"all_institutions"
"2002","inf","board","4yr",4718.68309971319,"all_institutions"
"2002","inf","board","2yr",3738.61413325808,"all_institutions"
"2003","raw","total","total",12953.4799574752,"all_institutions"
"2003","raw","total","4yr",15505.3714901497,"all_institutions"
"2003","raw","total","2yr",6704.95142172897,"all_institutions"
"2003","raw","tuition","total",6608.01767816876,"all_institutions"
"2003","raw","tuition","4yr",9028.81672958571,"all_institutions"
"2003","raw","tuition","2yr",2174.48168648866,"all_institutions"
"2003","raw","dorm","total",3359.25342919326,"all_institutions"
"2003","raw","dorm","4yr",3448.15725748296,"all_institutions"
"2003","raw","dorm","2yr",2208.0922820091,"all_institutions"
"2003","raw","board","total",2986.20885011316,"all_institutions"
"2003","raw","board","4yr",3028.39750308107,"all_institutions"
"2003","raw","board","2yr",2322.37745323121,"all_institutions"
"2003","inf","total","total",20860.4541896264,"all_institutions"
"2003","inf","total","4yr",24970.0538176038,"all_institutions"
"2003","inf","total","2yr",10797.7417987922,"all_institutions"
"2003","inf","tuition","total",10641.6384255207,"all_institutions"
"2003","inf","tuition","4yr",14540.125000569,"all_institutions"
"2003","inf","tuition","2yr",3501.81385666957,"all_institutions"
"2003","inf","dorm","total",5409.78582597737,"all_institutions"
"2003","inf","dorm","4yr",5552.95771827258,"all_institutions"
"2003","inf","dorm","2yr",3555.94080096886,"all_institutions"
"2003","inf","board","total",4809.02993812825,"all_institutions"
"2003","inf","board","4yr",4876.97109876217,"all_institutions"
"2003","inf","board","2yr",3739.98714115381,"all_institutions"
"2004","raw","total","total",13793.2831727497,"all_institutions"
"2004","raw","total","4yr",16509.6265398689,"all_institutions"
"2004","raw","total","2yr",7095.26834527617,"all_institutions"
"2004","raw","tuition","total",7122.10486242279,"all_institutions"
"2004","raw","tuition","4yr",9705.85311038234,"all_institutions"
"2004","raw","tuition","2yr",2337.85488203996,"all_institutions"
"2004","raw","dorm","total",3571.54295402577,"all_institutions"
"2004","raw","dorm","4yr",3662.01188544621,"all_institutions"
"2004","raw","dorm","2yr",2353.63536770415,"all_institutions"
"2004","raw","board","total",3099.63535630118,"all_institutions"
"2004","raw","board","4yr",3141.76154404036,"all_institutions"
"2004","raw","board","2yr",2403.77809553206,"all_institutions"
"2004","inf","total","total",21563.9675501612,"all_institutions"
"2004","inf","total","4yr",25810.6098825231,"all_institutions"
"2004","inf","total","2yr",11092.5103502185,"all_institutions"
"2004","inf","tuition","total",11134.4656829454,"all_institutions"
"2004","inf","tuition","4yr",15173.8131449666,"all_institutions"
"2004","inf","tuition","2yr",3654.92582019147,"all_institutions"
"2004","inf","dorm","total",5583.6333815559,"all_institutions"
"2004","inf","dorm","4yr",5725.06954849419,"all_institutions"
"2004","inf","dorm","2yr",3679.59651508889,"all_institutions"
"2004","inf","board","total",4845.86848565991,"all_institutions"
"2004","inf","board","4yr",4911.72718906232,"all_institutions"
"2004","inf","board","2yr",3757.98801493816,"all_institutions"
"2005","raw","total","total",14633.7827077333,"all_institutions"
"2005","raw","total","4yr",17451.4119222977,"all_institutions"
"2005","raw","total","2yr",7235.80203336221,"all_institutions"
"2005","raw","tuition","total",7601.49825209953,"all_institutions"
"2005","raw","tuition","4yr",10278.8593343203,"all_institutions"
"2005","raw","tuition","2yr",2416.88942018292,"all_institutions"
"2005","raw","dorm","total",3810.06374526968,"all_institutions"
"2005","raw","dorm","4yr",3904.84303423412,"all_institutions"
"2005","raw","dorm","2yr",2410.79158109145,"all_institutions"
"2005","raw","board","total",3222.22071036408,"all_institutions"
"2005","raw","board","4yr",3267.70955374322,"all_institutions"
"2005","raw","board","2yr",2408.12103208783,"all_institutions"
"2005","inf","total","total",22038.7009064035,"all_institutions"
"2005","inf","total","4yr",26282.093661724,"all_institutions"
"2005","inf","total","2yr",10897.2286944608,"all_institutions"
"2005","inf","tuition","total",11447.9728013209,"all_institutions"
"2005","inf","tuition","4yr",15480.119600817,"all_institutions"
"2005","inf","tuition","2yr",3639.87248677092,"all_institutions"
"2005","inf","dorm","total",5738.01435987952,"all_institutions"
"2005","inf","dorm","4yr",5880.75342081317,"all_institutions"
"2005","inf","dorm","2yr",3630.68904769735,"all_institutions"
"2005","inf","board","total",4852.71374520312,"all_institutions"
"2005","inf","board","4yr",4921.22064009376,"all_institutions"
"2005","inf","board","2yr",3626.66715999257,"all_institutions"
"2006","raw","total","total",15485.5630016399,"all_institutions"
"2006","raw","total","4yr",18472.6260604899,"all_institutions"
"2006","raw","total","2yr",7466.85685668278,"all_institutions"
"2006","raw","tuition","total",8093.01335413864,"all_institutions"
"2006","raw","tuition","4yr",10930.6950480645,"all_institutions"
"2006","raw","tuition","2yr",2495.95813673779,"all_institutions"
"2006","raw","dorm","total",4018.52961204953,"all_institutions"
"2006","raw","dorm","4yr",4116.03719725873,"all_institutions"
"2006","raw","dorm","2yr",2527.94107292017,"all_institutions"
"2006","raw","board","total",3374.02003545174,"all_institutions"
"2006","raw","board","4yr",3425.89381516668,"all_institutions"
"2006","raw","board","2yr",2442.95764702481,"all_institutions"
"2006","inf","total","total",22733.6151871887,"all_institutions"
"2006","inf","total","4yr",27118.7797506322,"all_institutions"
"2006","inf","total","2yr",10961.7358064199,"all_institutions"
"2006","inf","tuition","total",11880.9662443841,"all_institutions"
"2006","inf","tuition","4yr",16046.8311629931,"all_institutions"
"2006","inf","tuition","2yr",3664.1968908667,"all_institutions"
"2006","inf","dorm","total",5899.41132969993,"all_institutions"
"2006","inf","dorm","4yr",6042.55755691449,"all_institutions"
"2006","inf","dorm","2yr",3711.14951142365,"all_institutions"
"2006","inf","board","total",4953.23761310465,"all_institutions"
"2006","inf","board","4yr",5029.39103072463,"all_institutions"
"2006","inf","board","2yr",3586.38940412955,"all_institutions"
"2007","raw","total","total",16227.3911554246,"all_institutions"
"2007","raw","total","4yr",19364.371033449,"all_institutions"
"2007","raw","total","2yr",7637.16787430814,"all_institutions"
"2007","raw","tuition","total",8480.06164815661,"all_institutions"
"2007","raw","tuition","4yr",11454.9651143934,"all_institutions"
"2007","raw","tuition","2yr",2516.00323135244,"all_institutions"
"2007","raw","dorm","total",4213.37833928537,"all_institutions"
"2007","raw","dorm","4yr",4316.7171818253,"all_institutions"
"2007","raw","dorm","2yr",2634.21916659307,"all_institutions"
"2007","raw","board","total",3533.95116798261,"all_institutions"
"2007","raw","board","4yr",3592.68873723033,"all_institutions"
"2007","raw","board","2yr",2486.94547636262,"all_institutions"
"2007","inf","total","total",22971.449914684,"all_institutions"
"2007","inf","total","4yr",27412.1499299369,"all_institutions"
"2007","inf","total","2yr",10811.1536620017,"all_institutions"
"2007","inf","tuition","total",12004.3517505858,"all_institutions"
"2007","inf","tuition","4yr",16215.6168468138,"all_institutions"
"2007","inf","tuition","2yr",3561.64719643646,"all_institutions"
"2007","inf","dorm","total",5964.44669173786,"all_institutions"
"2007","inf","dorm","4yr",6110.73287063815,"all_institutions"
"2007","inf","dorm","2yr",3728.99334650383,"all_institutions"
"2007","inf","board","total",5002.65147236031,"all_institutions"
"2007","inf","board","4yr",5085.80021248501,"all_institutions"
"2007","inf","board","2yr",3520.51311906145,"all_institutions"
"2008","raw","total","total",17045.0726706188,"all_institutions"
"2008","raw","total","4yr",20361.3258516114,"all_institutions"
"2008","raw","total","2yr",8218.86143018968,"all_institutions"
"2008","raw","tuition","total",8892.21438200125,"all_institutions"
"2008","raw","tuition","4yr",12045.6653037062,"all_institutions"
"2008","raw","tuition","2yr",2616.9823460656,"all_institutions"
"2008","raw","dorm","total",4445.86995458239,"all_institutions"
"2008","raw","dorm","4yr",4557.02100587565,"all_institutions"
"2008","raw","dorm","2yr",2782.00429509,"all_institutions"
"2008","raw","board","total",3706.98833403516,"all_institutions"
"2008","raw","board","4yr",3758.6395420296,"all_institutions"
"2008","raw","board","2yr",2819.87478903408,"all_institutions"
"2008","inf","total","total",23796.7303919583,"all_institutions"
"2008","inf","total","4yr",28426.5717768875,"all_institutions"
"2008","inf","total","2yr",11474.4028003014,"all_institutions"
"2008","inf","tuition","total",12414.4749820123,"all_institutions"
"2008","inf","tuition","4yr",16817.0271352476,"all_institutions"
"2008","inf","tuition","2yr",3653.58508779985,"all_institutions"
"2008","inf","dorm","total",6206.90628378907,"all_institutions"
"2008","inf","dorm","4yr",6362.08494753087,"all_institutions"
"2008","inf","dorm","2yr",3883.97324193535,"all_institutions"
"2008","inf","board","total",5175.34912615699,"all_institutions"
"2008","inf","board","4yr",5247.45969410907,"all_institutions"
"2008","inf","board","2yr",3936.84447056618,"all_institutions"
"2009","raw","total","total",17649.7824441047,"all_institutions"
"2009","raw","total","4yr",21125.8420969746,"all_institutions"
"2009","raw","total","2yr",8540.95733396958,"all_institutions"
"2009","raw","tuition","total",9134.57825327453,"all_institutions"
"2009","raw","tuition","4yr",12404.1401414328,"all_institutions"
"2009","raw","tuition","2yr",2923.19754030682,"all_institutions"
"2009","raw","dorm","total",4658.10097913121,"all_institutions"
"2009","raw","dorm","4yr",4784.63049820449,"all_institutions"
"2009","raw","dorm","2yr",2993.80929444762,"all_institutions"
"2009","raw","board","total",3857.10321169898,"all_institutions"
"2009","raw","board","4yr",3937.07145733734,"all_institutions"
"2009","raw","board","2yr",2623.95049921514,"all_institutions"
"2009","inf","total","total",24404.7939558848,"all_institutions"
"2009","inf","total","4yr",29211.2282490729,"all_institutions"
"2009","inf","total","2yr",11809.7945162578,"all_institutions"
"2009","inf","tuition","total",12630.6089523235,"all_institutions"
"2009","inf","tuition","4yr",17151.5136410477,"all_institutions"
"2009","inf","tuition","2yr",4041.9780747703,"all_institutions"
"2009","inf","dorm","total",6440.87228731667,"all_institutions"
"2009","inf","dorm","4yr",6615.82780600931,"all_institutions"
"2009","inf","dorm","2yr",4139.61470661704,"all_institutions"
"2009","inf","board","total",5333.31271624464,"all_institutions"
"2009","inf","board","4yr",5443.88680201586,"all_institutions"
"2009","inf","board","2yr",3628.20173487044,"all_institutions"
"2010","raw","total","total",18475.3582123559,"all_institutions"
"2010","raw","total","4yr",22073.7853087605,"all_institutions"
"2010","raw","total","2yr",8868.16147853902,"all_institutions"
"2010","raw","tuition","total",9574.95328775152,"all_institutions"
"2010","raw","tuition","4yr",12945.4228915313,"all_institutions"
"2010","raw","tuition","2yr",3059.65154542669,"all_institutions"
"2010","raw","dorm","total",4877.74504794711,"all_institutions"
"2010","raw","dorm","4yr",5019.91397158746,"all_institutions"
"2010","raw","dorm","2yr",3074.02207652333,"all_institutions"
"2010","raw","board","total",4022.65987665732,"all_institutions"
"2010","raw","board","4yr",4108.44844564176,"all_institutions"
"2010","raw","board","2yr",2734.487856589,"all_institutions"
"2010","inf","total","total",25043.4605017925,"all_institutions"
"2010","inf","total","4yr",29921.1503317586,"all_institutions"
"2010","inf","total","2yr",12020.8468576691,"all_institutions"
"2010","inf","tuition","total",12978.9074567413,"all_institutions"
"2010","inf","tuition","4yr",17547.5995180569,"all_institutions"
"2010","inf","tuition","2yr",4147.37629151336,"all_institutions"
"2010","inf","dorm","total",6611.81309948201,"all_institutions"
"2010","inf","dorm","4yr",6804.52394074669,"all_institutions"
"2010","inf","dorm","2yr",4166.85563387696,"all_institutions"
"2010","inf","board","total",5452.7399455692,"all_institutions"
"2010","inf","board","4yr",5569.02687295502,"all_institutions"
"2010","inf","board","2yr",3706.61493227878,"all_institutions"
"2011","raw","total","total",19401.3025030685,"all_institutions"
"2011","raw","total","4yr",23010.6390814908,"all_institutions"
"2011","raw","total","2yr",9346.57787867909,"all_institutions"
"2011","raw","tuition","total",10178.5877795133,"all_institutions"
"2011","raw","tuition","4yr",13571.989220522,"all_institutions"
"2011","raw","tuition","2yr",3244.16643539729,"all_institutions"
"2011","raw","dorm","total",5084.91000771153,"all_institutions"
"2011","raw","dorm","4yr",5223.92898523521,"all_institutions"
"2011","raw","dorm","2yr",3201.16783836879,"all_institutions"
"2011","raw","board","total",4137.80471584369,"all_institutions"
"2011","raw","board","4yr",4214.72087573361,"all_institutions"
"2011","raw","board","2yr",2901.24360491301,"all_institutions"
"2011","inf","total","total",25549.9999039047,"all_institutions"
"2011","inf","total","4yr",30303.2142418216,"all_institutions"
"2011","inf","total","2yr",12308.7129776116,"all_institutions"
"2011","inf","tuition","total",13404.4050262769,"all_institutions"
"2011","inf","tuition","4yr",17873.2496555469,"all_institutions"
"2011","inf","tuition","2yr",4272.31378406382,"all_institutions"
"2011","inf","dorm","total",6696.4292829229,"all_institutions"
"2011","inf","dorm","4yr",6879.50641714155,"all_institutions"
"2011","inf","dorm","2yr",4215.6879905238,"all_institutions"
"2011","inf","board","total",5449.16559470488,"all_institutions"
"2011","inf","board","4yr",5550.45816913308,"all_institutions"
"2011","inf","board","2yr",3820.711203024,"all_institutions"
"2012","raw","total","total",20232.9976359393,"all_institutions"
"2012","raw","total","4yr",23870.5569508442,"all_institutions"
"2012","raw","total","2yr",9573.18189240659,"all_institutions"
"2012","raw","tuition","total",10681.0542674363,"all_institutions"
"2012","raw","tuition","4yr",14099.4105559897,"all_institutions"
"2012","raw","tuition","2yr",3321.51287089852,"all_institutions"
"2012","raw","dorm","total",5295.76610141311,"all_institutions"
"2012","raw","dorm","4yr",5433.42003965208,"all_institutions"
"2012","raw","dorm","2yr",3340.20793685958,"all_institutions"
"2012","raw","board","total",4256.17726708991,"all_institutions"
"2012","raw","board","4yr",4337.72635520244,"all_institutions"
"2012","raw","board","2yr",2911.46108464849,"all_institutions"
"2012","inf","total","total",26209.0921908022,"all_institutions"
"2012","inf","total","4yr",30921.0547555835,"all_institutions"
"2012","inf","total","2yr",12400.7530318557,"all_institutions"
"2012","inf","tuition","total",13835.8507734389,"all_institutions"
"2012","inf","tuition","4yr",18263.8656785841,"all_institutions"
"2012","inf","tuition","2yr",4302.56745009865,"all_institutions"
"2012","inf","dorm","total",6859.9435669542,"all_institutions"
"2012","inf","dorm","4yr",7038.25549199113,"all_institutions"
"2012","inf","dorm","2yr",4326.78436130988,"all_institutions"
"2012","inf","board","total",5513.29785040907,"all_institutions"
"2012","inf","board","4yr",5618.93358500832,"all_institutions"
"2012","inf","board","2yr",3771.40122044712,"all_institutions"
"2013","raw","total","total",20994.8283071946,"all_institutions"
"2013","raw","total","4yr",24700.7232289772,"all_institutions"
"2013","raw","total","2yr",9891.06520027882,"all_institutions"
"2013","raw","tuition","total",11072.8506670173,"all_institutions"
"2013","raw","tuition","4yr",14562.5380312402,"all_institutions"
"2013","raw","tuition","2yr",3369.0763659537,"all_institutions"
"2013","raw","dorm","total",5519.97199595206,"all_institutions"
"2013","raw","dorm","4yr",5653.8030856881,"all_institutions"
"2013","raw","dorm","2yr",3541.38185364621,"all_institutions"
"2013","raw","board","total",4402.00564422532,"all_institutions"
"2013","raw","board","4yr",4484.38211204892,"all_institutions"
"2013","raw","board","2yr",2980.6069806789,"all_institutions"
"2013","inf","total","total",26777.6406852124,"all_institutions"
"2013","inf","total","4yr",31504.2867515983,"all_institutions"
"2013","inf","total","2yr",12615.4587240092,"all_institutions"
"2013","inf","tuition","total",14122.7550034689,"all_institutions"
"2013","inf","tuition","4yr",18573.6413348834,"all_institutions"
"2013","inf","tuition","2yr",4297.05425776851,"all_institutions"
"2013","inf","dorm","total",7040.39225933493,"all_institutions"
"2013","inf","dorm","4yr",7211.08576446992,"all_institutions"
"2013","inf","dorm","2yr",4516.81954329548,"all_institutions"
"2013","inf","board","total",5614.49342240863,"all_institutions"
"2013","inf","board","4yr",5719.55965224493,"all_institutions"
"2013","inf","board","2yr",3801.58492294527,"all_institutions"
"2014","raw","total","total",21728.6134935695,"all_institutions"
"2014","raw","total","4yr",25408.8222805247,"all_institutions"
"2014","raw","total","2yr",10152.6298437908,"all_institutions"
"2014","raw","tuition","total",11487.3406820437,"all_institutions"
"2014","raw","tuition","4yr",14956.7793154625,"all_institutions"
"2014","raw","tuition","2yr",3389.24375018531,"all_institutions"
"2014","raw","dorm","total",5718.65320245347,"all_institutions"
"2014","raw","dorm","4yr",5850.47269303995,"all_institutions"
"2014","raw","dorm","2yr",3654.71233487516,"all_institutions"
"2014","raw","board","total",4522.61960907237,"all_institutions"
"2014","raw","board","4yr",4601.57027202231,"all_institutions"
"2014","raw","board","2yr",3108.67375873032,"all_institutions"
"2014","inf","total","total",27513.1911204738,"all_institutions"
"2014","inf","total","4yr",32173.1427436509,"all_institutions"
"2014","inf","total","2yr",12855.4564859976,"all_institutions"
"2014","inf","tuition","total",14545.4931924026,"all_institutions"
"2014","inf","tuition","4yr",18938.5635661867,"all_institutions"
"2014","inf","tuition","2yr",4291.52605988027,"all_institutions"
"2014","inf","dorm","total",7241.06941095784,"all_institutions"
"2014","inf","dorm","4yr",7407.98180226079,"all_institutions"
"2014","inf","dorm","2yr",4627.66752188452,"all_institutions"
"2014","inf","board","total",5726.62851711343,"all_institutions"
"2014","inf","board","4yr",5826.59737520336,"all_institutions"
"2014","inf","board","2yr",3936.26290423276,"all_institutions"
"2015","raw","total","total",22438.8917433371,"all_institutions"
"2015","raw","total","4yr",26132.3612146598,"all_institutions"
"2015","raw","total","2yr",10407.4330589362,"all_institutions"
"2015","raw","tuition","total",11861.8046524024,"all_institutions"
"2015","raw","tuition","4yr",15342.9507753966,"all_institutions"
"2015","raw","tuition","2yr",3411.68736557843,"all_institutions"
"2015","raw","dorm","total",5915.11552409592,"all_institutions"
"2015","raw","dorm","4yr",6042.53005346607,"all_institutions"
"2015","raw","dorm","2yr",3849.15207780941,"all_institutions"
"2015","raw","board","total",4661.9715668388,"all_institutions"
"2015","raw","board","4yr",4746.88038579715,"all_institutions"
"2015","raw","board","2yr",3146.59361554833,"all_institutions"
"2015","inf","total","total",28222.2462138051,"all_institutions"
"2015","inf","total","4yr",32867.6630193741,"all_institutions"
"2015","inf","total","2yr",13089.823757905,"all_institutions"
"2015","inf","tuition","total",14919.0421376119,"all_institutions"
"2015","inf","tuition","4yr",19297.4118054699,"all_institutions"
"2015","inf","tuition","2yr",4291.00875111059,"all_institutions"
"2015","inf","dorm","total",7439.66540832862,"all_institutions"
"2015","inf","dorm","4yr",7599.91950020766,"all_institutions"
"2015","inf","dorm","2yr",4841.22473145641,"all_institutions"
"2015","inf","board","total",5863.53866786454,"all_institutions"
"2015","inf","board","4yr",5970.33171369656,"all_institutions"
"2015","inf","board","2yr",3957.59027533796,"all_institutions"
"2016","raw","total","total",23091.1398052193,"all_institutions"
"2016","raw","total","4yr",26592.2435543832,"all_institutions"
"2016","raw","total","2yr",10597.4805263947,"all_institutions"
"2016","raw","tuition","total",12218.9223065877,"all_institutions"
"2016","raw","tuition","4yr",15511.7751851432,"all_institutions"
"2016","raw","tuition","2yr",3518.86005589777,"all_institutions"
"2016","raw","dorm","total",6106.66658612941,"all_institutions"
"2016","raw","dorm","4yr",6230.79885278789,"all_institutions"
"2016","raw","dorm","2yr",3931.72563866374,"all_institutions"
"2016","raw","board","total",4765.55091250221,"all_institutions"
"2016","raw","board","4yr",4849.66951645214,"all_institutions"
"2016","raw","board","2yr",3146.8948318332,"all_institutions"
"2016","inf","total","total",28518.018233743,"all_institutions"
"2016","inf","total","4yr",32841.9511967367,"all_institutions"
"2016","inf","total","2yr",13088.0998267201,"all_institutions"
"2016","inf","tuition","total",15090.6127664254,"all_institutions"
"2016","inf","tuition","4yr",19157.3517504601,"all_institutions"
"2016","inf","tuition","2yr",4345.86235597605,"all_institutions"
"2016","inf","dorm","total",7541.8550370244,"all_institutions"
"2016","inf","dorm","4yr",7695.16086228133,"all_institutions"
"2016","inf","dorm","2yr",4855.75958568073,"all_institutions"
"2016","inf","board","total",5885.55043029319,"all_institutions"
"2016","inf","board","4yr",5989.43858399529,"all_institutions"
"2016","inf","board","2yr",3886.47788506335,"all_institutions"
"2017","raw","total","total",23832.7068212058,"all_institutions"
"2017","raw","total","4yr",27356.5306736793,"all_institutions"
"2017","raw","total","2yr",10703.6537605648,"all_institutions"
"2017","raw","tuition","total",12612.9146043173,"all_institutions"
"2017","raw","tuition","4yr",15923.1904276669,"all_institutions"
"2017","raw","tuition","2yr",3537.42237709482,"all_institutions"
"2017","raw","dorm","total",6320.57660409298,"all_institutions"
"2017","raw","dorm","4yr",6451.17289578717,"all_institutions"
"2017","raw","dorm","2yr",3926.45568629515,"all_institutions"
"2017","raw","board","total",4899.21561279551,"all_institutions"
"2017","raw","board","4yr",4982.16735022521,"all_institutions"
"2017","raw","board","2yr",3239.77569717478,"all_institutions"
"2017","inf","total","total",28784.9912694077,"all_institutions"
"2017","inf","total","4yr",33041.0432398925,"all_institutions"
"2017","inf","total","2yr",12927.8047332196,"all_institutions"
"2017","inf","tuition","total",15233.7978010964,"all_institutions"
"2017","inf","tuition","4yr",19231.9278242319,"all_institutions"
"2017","inf","tuition","2yr",4272.47618177724,"all_institutions"
"2017","inf","dorm","total",7633.95210335719,"all_institutions"
"2017","inf","dorm","4yr",7791.68547138945,"all_institutions"
"2017","inf","dorm","2yr",4742.34813097927,"all_institutions"
"2017","inf","board","total",5917.24136495419,"all_institutions"
"2017","inf","board","4yr",6017.42994427123,"all_institutions"
"2017","inf","board","2yr",3912.98042046309,"all_institutions"
"2018","raw","total","total",24619.0754558031,"all_institutions"
"2018","raw","total","4yr",28121.2648027345,"all_institutions"
"2018","raw","total","2yr",11389.8077250955,"all_institutions"
"2018","raw","tuition","total",13011.7761850935,"all_institutions"
"2018","raw","tuition","4yr",16315.9326815461,"all_institutions"
"2018","raw","tuition","2yr",3562.90294457147,"all_institutions"
"2018","raw","dorm","total",6542.30673449855,"all_institutions"
"2018","raw","dorm","4yr",6674.45285115945,"all_institutions"
"2018","raw","dorm","2yr",4124.75077686742,"all_institutions"
"2018","raw","board","total",5064.99253621102,"all_institutions"
"2018","raw","board","4yr",5130.87927002894,"all_institutions"
"2018","raw","board","2yr",3702.15400365663,"all_institutions"
"2018","inf","total","total",29131.0691756256,"all_institutions"
"2018","inf","total","4yr",33275.1126964618,"all_institutions"
"2018","inf","total","2yr",13477.2435842477,"all_institutions"
"2018","inf","tuition","total",15396.4738775911,"all_institutions"
"2018","inf","tuition","4yr",19306.1906189062,"all_institutions"
"2018","inf","tuition","2yr",4215.88423702915,"all_institutions"
"2018","inf","dorm","total",7741.33010774435,"all_institutions"
"2018","inf","dorm","4yr",7897.69494251038,"all_institutions"
"2018","inf","dorm","2yr",4880.70319410866,"all_institutions"
"2018","inf","board","total",5993.26519029013,"all_institutions"
"2018","inf","board","4yr",6071.22713504518,"all_institutions"
"2018","inf","board","2yr",4380.6561531099,"all_institutions"
"2019","raw","total","total",25279.8301091952,"all_institutions"
"2019","raw","total","4yr",28774.0049541008,"all_institutions"
"2019","raw","total","2yr",11382.8676929005,"all_institutions"
"2019","raw","tuition","total",13359.7624964028,"all_institutions"
"2019","raw","tuition","4yr",16646.4587692357,"all_institutions"
"2019","raw","tuition","2yr",3621.6720299087,"all_institutions"
"2019","raw","dorm","total",6743.36771831387,"all_institutions"
"2019","raw","dorm","4yr",6877.84269786446,"all_institutions"
"2019","raw","dorm","2yr",4159.87854508647,"all_institutions"
"2019","raw","board","total",5176.69989447855,"all_institutions"
"2019","raw","board","4yr",5249.70348700073,"all_institutions"
"2019","raw","board","2yr",3601.31711790528,"all_institutions"
"2019","inf","total","total",29452.1863168144,"all_institutions"
"2019","inf","total","4yr",33523.0636965739,"all_institutions"
"2019","inf","total","2yr",13261.57409535,"all_institutions"
"2019","inf","tuition","total",15564.7491495334,"all_institutions"
"2019","inf","tuition","4yr",19393.9042734455,"all_institutions"
"2019","inf","tuition","2yr",4219.41757292379,"all_institutions"
"2019","inf","dorm","total",7856.33928648638,"all_institutions"
"2019","inf","dorm","4yr",8013.00893717495,"all_institutions"
"2019","inf","dorm","2yr",4846.45337551701,"all_institutions"
"2019","inf","board","total",6031.09788079464,"all_institutions"
"2019","inf","board","4yr",6116.15048595348,"all_institutions"
"2019","inf","board","2yr",4195.70314690916,"all_institutions"
"2020","raw","total","total",25906.3324020173,"all_institutions"
"2020","raw","total","4yr",29029.3400424522,"all_institutions"
"2020","raw","total","2yr",11887.2560549313,"all_institutions"
"2020","raw","tuition","total",13673.6874694369,"all_institutions"
"2020","raw","tuition","4yr",16614.4119108203,"all_institutions"
"2020","raw","tuition","2yr",3782.02686999483,"all_institutions"
"2020","raw","dorm","total",6897.27344747862,"all_institutions"
"2020","raw","dorm","4yr",7012.39898411108,"all_institutions"
"2020","raw","dorm","2yr",4434.59882008688,"all_institutions"
"2020","raw","board","total",5335.37148510173,"all_institutions"
"2020","raw","board","4yr",5402.52914752083,"all_institutions"
"2020","raw","board","2yr",3670.63036484953,"all_institutions"
"2020","inf","total","total",29502.9820365439,"all_institutions"
"2020","inf","total","4yr",33059.5656889857,"all_institutions"
"2020","inf","total","2yr",13537.5975421795,"all_institutions"
"2020","inf","tuition","total",15572.0442988178,"all_institutions"
"2020","inf","tuition","4yr",18921.0378584697,"all_institutions"
"2020","inf","tuition","2yr",4307.09639155619,"all_institutions"
"2020","inf","dorm","total",7854.84149065605,"all_institutions"
"2020","inf","dorm","4yr",7985.95023219874,"all_institutions"
"2020","inf","dorm","2yr",5050.26675710044,"all_institutions"
"2020","inf","board","total",6076.09624706998,"all_institutions"
"2020","inf","board","4yr",6152.57759831724,"all_institutions"
"2020","inf","board","2yr",4180.23439352285,"all_institutions"
"2021","raw","total","total",26857.5349677687,"all_institutions"
"2021","raw","total","4yr",29986.791332035,"all_institutions"
"2021","raw","total","2yr",11962.4520197961,"all_institutions"
"2021","raw","tuition","total",14306.2799204933,"all_institutions"
"2021","raw","tuition","4yr",17251.5986040956,"all_institutions"
"2021","raw","tuition","2yr",3859.77347238033,"all_institutions"
"2021","raw","dorm","total",7096.55370014915,"all_institutions"
"2021","raw","dorm","4yr",7212.18876553558,"all_institutions"
"2021","raw","dorm","2yr",4463.033595961,"all_institutions"
"2021","raw","board","total",5454.70134712626,"all_institutions"
"2021","raw","board","4yr",5523.00396240383,"all_institutions"
"2021","raw","board","2yr",3639.64495145477,"all_institutions"
"2021","inf","total","total",28539.2898927162,"all_institutions"
"2021","inf","total","4yr",31864.492843605,"all_institutions"
"2021","inf","total","2yr",12711.512297401,"all_institutions"
"2021","inf","tuition","total",15202.1051234705,"all_institutions"
"2021","inf","tuition","4yr",18331.8526538612,"all_institutions"
"2021","inf","tuition","2yr",4101.46330185081,"all_institutions"
"2021","inf","dorm","total",7540.92300469266,"all_institutions"
"2021","inf","dorm","4yr",7663.79886268882,"all_institutions"
"2021","inf","dorm","2yr",4742.49813875024,"all_institutions"
"2021","inf","board","total",5796.26176455311,"all_institutions"
"2021","inf","board","4yr",5868.8413270549,"all_institutions"
"2021","inf","board","2yr",3867.55085679996,"all_institutions"
"2022","raw","total","total",27672.9384275746,"all_institutions"
"2022","raw","total","4yr",30883.6299000762,"all_institutions"
"2022","raw","total","2yr",12300.2425242688,"all_institutions"
"2022","raw","tuition","total",14687.572363668,"all_institutions"
"2022","raw","tuition","4yr",17709.0075936441,"all_institutions"
"2022","raw","tuition","2yr",3884.55563136994,"all_institutions"
"2022","raw","dorm","total",7336.52162456835,"all_institutions"
"2022","raw","dorm","4yr",7455.96658759876,"all_institutions"
"2022","raw","dorm","2yr",4600.94713840307,"all_institutions"
"2022","raw","board","total",5648.84443933821,"all_institutions"
"2022","raw","board","4yr",5718.65571883333,"all_institutions"
"2022","raw","board","2yr",3814.73975449575,"all_institutions"
"2022","inf","total","total",27672.9384275746,"all_institutions"
"2022","inf","total","4yr",30883.6299000762,"all_institutions"
"2022","inf","total","2yr",12300.2425242688,"all_institutions"
"2022","inf","tuition","total",14687.572363668,"all_institutions"
"2022","inf","tuition","4yr",17709.0075936441,"all_institutions"
"2022","inf","tuition","2yr",3884.55563136994,"all_institutions"
"2022","inf","dorm","total",7336.52162456835,"all_institutions"
"2022","inf","dorm","4yr",7455.96658759876,"all_institutions"
"2022","inf","dorm","2yr",4600.94713840307,"all_institutions"
"2022","inf","board","total",5648.84443933821,"all_institutions"
"2022","inf","board","4yr",5718.65571883333,"all_institutions"
"2022","inf","board","2yr",3814.73975449575,"all_institutions"
"1963","raw","total","total",912.457883458709,"public_institutions"
"1963","raw","total","4yr",928.610849077404,"public_institutions"
"1963","raw","total","2yr",630,"public_institutions"
"1963","raw","tuition","total",234,"public_institutions"
"1963","raw","tuition","4yr",243.335844731073,"public_institutions"
"1963","raw","tuition","2yr",97,"public_institutions"
"1963","raw","dorm","total",249.779099498615,"public_institutions"
"1963","raw","dorm","4yr",253.42434382092,"public_institutions"
"1963","raw","dorm","2yr",172,"public_institutions"
"1963","raw","board","total",428.678783960094,"public_institutions"
"1963","raw","board","4yr",431.850660525411,"public_institutions"
"1963","raw","board","2yr",361,"public_institutions"
"1963","inf","total","total",8866.15462046311,"public_institutions"
"1963","inf","total","4yr",9023.10947103825,"public_institutions"
"1963","inf","total","2yr",6121.57285519746,"public_institutions"
"1963","inf","tuition","total",2273.72706050191,"public_institutions"
"1963","inf","tuition","4yr",2364.44143143219,"public_institutions"
"1963","inf","tuition","2yr",942.527884054212,"public_institutions"
"1963","inf","dorm","total",2427.04913537521,"public_institutions"
"1963","inf","dorm","4yr",2462.46918092123,"public_institutions"
"1963","inf","dorm","2yr",1671.286557292,"public_institutions"
"1963","inf","board","total",4165.37842458598,"public_institutions"
"1963","inf","board","4yr",4196.19885868484,"public_institutions"
"1963","inf","board","2yr",3507.75841385124,"public_institutions"
"1968","raw","total","total",1111.5079209847,"public_institutions"
"1968","raw","total","4yr",1142.92719849723,"public_institutions"
"1968","raw","total","2yr",883,"public_institutions"
"1968","raw","tuition","total",295,"public_institutions"
"1968","raw","tuition","4yr",321.002361987918,"public_institutions"
"1968","raw","tuition","2yr",170,"public_institutions"
"1968","raw","dorm","total",334.098130959567,"public_institutions"
"1968","raw","dorm","4yr",337.033933684671,"public_institutions"
"1968","raw","dorm","2yr",278,"public_institutions"
"1968","raw","board","total",482.409790025129,"public_institutions"
"1968","raw","board","4yr",484.890902824639,"public_institutions"
"1968","raw","board","2yr",435,"public_institutions"
"1968","inf","total","total",9339.22817451142,"public_institutions"
"1968","inf","total","4yr",9603.22251609728,"public_institutions"
"1968","inf","total","2yr",7419.23500714946,"public_institutions"
"1968","inf","tuition","total",2478.67987215073,"public_institutions"
"1968","inf","tuition","4yr",2697.15963922812,"public_institutions"
"1968","inf","tuition","2yr",1428.39179073093,"public_institutions"
"1968","inf","dorm","total",2807.19427977172,"public_institutions"
"1968","inf","dorm","4yr",2831.86178866433,"public_institutions"
"1968","inf","dorm","2yr",2335.84069307763,"public_institutions"
"1968","inf","board","total",4053.35402258897,"public_institutions"
"1968","inf","board","4yr",4074.20108820483,"public_institutions"
"1968","inf","board","2yr",3655.0025233409,"public_institutions"
"1969","raw","total","total",1196.55979797075,"public_institutions"
"1969","raw","total","4yr",1237.91059365667,"public_institutions"
"1969","raw","total","2yr",951,"public_institutions"
"1969","raw","tuition","total",323,"public_institutions"
"1969","raw","tuition","4yr",358.354831543164,"public_institutions"
"1969","raw","tuition","2yr",178,"public_institutions"
"1969","raw","dorm","total",365.91677886878,"public_institutions"
"1969","raw","dorm","4yr",369.370116448697,"public_institutions"
"1969","raw","dorm","2yr",308,"public_institutions"
"1969","raw","board","total",507.64301910197,"public_institutions"
"1969","raw","board","4yr",510.185645664811,"public_institutions"
"1969","raw","board","2yr",465,"public_institutions"
"1969","inf","total","total",9492.81331713736,"public_institutions"
"1969","inf","total","4yr",9820.86661178027,"public_institutions"
"1969","inf","total","2yr",7544.68391793514,"public_institutions"
"1969","inf","tuition","total",2562.49516876241,"public_institutions"
"1969","inf","tuition","4yr",2842.97995211153,"public_institutions"
"1969","inf","tuition","2yr",1412.14904037062,"public_institutions"
"1969","inf","dorm","total",2902.97206817446,"public_institutions"
"1969","inf","dorm","4yr",2930.36885103714,"public_institutions"
"1969","inf","dorm","2yr",2443.49384513567,"public_institutions"
"1969","inf","board","total",4027.3460802005,"public_institutions"
"1969","inf","board","4yr",4047.51780863161,"public_institutions"
"1969","inf","board","2yr",3689.04103242886,"public_institutions"
"1970","raw","total","total",1276.04590598377,"public_institutions"
"1970","raw","total","4yr",1325.91365668639,"public_institutions"
"1970","raw","total","2yr",998,"public_institutions"
"1970","raw","tuition","total",351,"public_institutions"
"1970","raw","tuition","4yr",393.688558225693,"public_institutions"
"1970","raw","tuition","2yr",187,"public_institutions"
"1970","raw","dorm","total",397.348833630747,"public_institutions"
"1970","raw","dorm","4yr",401.084844110391,"public_institutions"
"1970","raw","dorm","2yr",338,"public_institutions"
"1970","raw","board","total",527.697072353027,"public_institutions"
"1970","raw","board","4yr",531.140254350303,"public_institutions"
"1970","raw","board","2yr",473,"public_institutions"
"1970","inf","total","total",9626.47746594707,"public_institutions"
"1970","inf","total","4yr",10002.6792751179,"public_institutions"
"1970","inf","total","2yr",7528.90195091252,"public_institutions"
"1970","inf","tuition","total",2647.9404657017,"public_institutions"
"1970","inf","tuition","4yr",2969.98251911559,"public_institutions"
"1970","inf","tuition","2yr",1410.72611705475,"public_institutions"
"1970","inf","dorm","total",2997.59559991518,"public_institutions"
"1970","inf","dorm","4yr",3025.78002535488,"public_institutions"
"1970","inf","dorm","2yr",2549.86859660164,"public_institutions"
"1970","inf","board","total",3980.94140033019,"public_institutions"
"1970","inf","board","4yr",4006.91673064746,"public_institutions"
"1970","inf","board","2yr",3568.30723725614,"public_institutions"
"1971","raw","total","total",1347.00188670047,"public_institutions"
"1971","raw","total","4yr",1404.79649006601,"public_institutions"
"1971","raw","total","2yr",1073,"public_institutions"
"1971","raw","tuition","total",376,"public_institutions"
"1971","raw","tuition","4yr",427.761616754509,"public_institutions"
"1971","raw","tuition","2yr",192,"public_institutions"
"1971","raw","dorm","total",425.759473248492,"public_institutions"
"1971","raw","dorm","4yr",429.76525707378,"public_institutions"
"1971","raw","dorm","2yr",366,"public_institutions"
"1971","raw","board","total",545.242413451979,"public_institutions"
"1971","raw","board","4yr",547.269616237717,"public_institutions"
"1971","raw","board","2yr",515,"public_institutions"
"1971","inf","total","total",9809.8726711016,"public_institutions"
"1971","inf","total","4yr",10230.776090533,"public_institutions"
"1971","inf","total","2yr",7814.3865127582,"public_institutions"
"1971","inf","tuition","total",2738.31251518834,"public_institutions"
"1971","inf","tuition","4yr",3115.27922520231,"public_institutions"
"1971","inf","tuition","2yr",1398.2872417983,"public_institutions"
"1971","inf","dorm","total",3100.69812249026,"public_institutions"
"1971","inf","dorm","4yr",3129.87122882517,"public_institutions"
"1971","inf","dorm","2yr",2665.48505467801,"public_institutions"
"1971","inf","board","total",3970.86203342299,"public_institutions"
"1971","inf","board","4yr",3985.62563650547,"public_institutions"
"1971","inf","board","2yr",3750.6142162819,"public_institutions"
"1972","raw","total","total",1452.37667947412,"public_institutions"
"1972","raw","total","4yr",1553.46439952413,"public_institutions"
"1972","raw","total","2yr",1197,"public_institutions"
"1972","raw","tuition","total",407,"public_institutions"
"1972","raw","tuition","4yr",502.630044636532,"public_institutions"
"1972","raw","tuition","2yr",233,"public_institutions"
"1972","raw","dorm","total",471.344385542219,"public_institutions"
"1972","raw","dorm","4yr",476.263360514864,"public_institutions"
"1972","raw","dorm","2yr",398,"public_institutions"
"1972","raw","board","total",574.032293931902,"public_institutions"
"1972","raw","board","4yr",574.570994372732,"public_institutions"
"1972","raw","board","2yr",566,"public_institutions"
"1972","inf","total","total",10167.5414877524,"public_institutions"
"1972","inf","total","4yr",10875.218498845,"public_institutions"
"1972","inf","total","2yr",8379.7456492116,"public_institutions"
"1972","inf","tuition","total",2849.25353319058,"public_institutions"
"1972","inf","tuition","4yr",3518.72341662992,"public_institutions"
"1972","inf","tuition","2yr",1631.14514307962,"public_institutions"
"1972","inf","dorm","total",3299.70431414179,"public_institutions"
"1972","inf","dorm","4yr",3334.14020313561,"public_institutions"
"1972","inf","dorm","2yr",2786.24792680553,"public_institutions"
"1972","inf","board","total",4018.58364042006,"public_institutions"
"1972","inf","board","4yr",4022.35487907943,"public_institutions"
"1972","inf","board","2yr",3962.35257932645,"public_institutions"
"1973","raw","total","total",1514.9596405669,"public_institutions"
"1973","raw","total","4yr",1596.04382983056,"public_institutions"
"1973","raw","total","2yr",1274,"public_institutions"
"1973","raw","tuition","total",438,"public_institutions"
"1973","raw","tuition","4yr",513.576855690938,"public_institutions"
"1973","raw","tuition","2yr",274,"public_institutions"
"1973","raw","dorm","total",478.520738315625,"public_institutions"
"1973","raw","dorm","4yr",483.495734213547,"public_institutions"
"1973","raw","dorm","2yr",409,"public_institutions"
"1973","raw","board","total",598.438902251275,"public_institutions"
"1973","raw","board","4yr",598.971239926072,"public_institutions"
"1973","raw","board","2yr",591,"public_institutions"
"1973","inf","total","total",9737.49447470866,"public_institutions"
"1973","inf","total","4yr",10258.6679923382,"public_institutions"
"1973","inf","total","2yr",8188.71184986595,"public_institutions"
"1973","inf","tuition","total",2815.27142091153,"public_institutions"
"1973","inf","tuition","4yr",3301.04621979064,"public_institutions"
"1973","inf","tuition","2yr",1761.15152815013,"public_institutions"
"1973","inf","dorm","total",3075.72091071567,"public_institutions"
"1973","inf","dorm","4yr",3107.69799694985,"public_institutions"
"1973","inf","dorm","2yr",2628.87217158177,"public_institutions"
"1973","inf","board","total",3846.50214308146,"public_institutions"
"1973","inf","board","4yr",3849.92377559775,"public_institutions"
"1973","inf","board","2yr",3798.68815013405,"public_institutions"
"1974","raw","total","total",1561.19096716417,"public_institutions"
"1974","raw","total","4yr",1646.61775547235,"public_institutions"
"1974","raw","total","2yr",1339,"public_institutions"
"1974","raw","tuition","total",432,"public_institutions"
"1974","raw","tuition","4yr",512.416444646865,"public_institutions"
"1974","raw","tuition","2yr",277,"public_institutions"
"1974","raw","dorm","total",505.182398557535,"public_institutions"
"1974","raw","dorm","4yr",511.236065191463,"public_institutions"
"1974","raw","dorm","2yr",424,"public_institutions"
"1974","raw","board","total",624.008568606637,"public_institutions"
"1974","raw","board","4yr",622.965245634024,"public_institutions"
"1974","raw","board","2yr",638,"public_institutions"
"1974","inf","total","total",9033.60608195517,"public_institutions"
"1974","inf","total","4yr",9527.91585612998,"public_institutions"
"1974","inf","total","2yr",7747.93013676589,"public_institutions"
"1974","inf","tuition","total",2499.7056154465,"public_institutions"
"1974","inf","tuition","4yr",2965.02375956227,"public_institutions"
"1974","inf","tuition","2yr",1602.82049879324,"public_institutions"
"1974","inf","dorm","total",2923.16499652547,"public_institutions"
"1974","inf","dorm","4yr",2958.19366430063,"public_institutions"
"1974","inf","dorm","2yr",2453.41477071601,"public_institutions"
"1974","inf","board","total",3610.7354699832,"public_institutions"
"1974","inf","board","4yr",3604.69843226708,"public_institutions"
"1974","inf","board","2yr",3691.69486725664,"public_institutions"
"1975","raw","total","total",1662.96927059371,"public_institutions"
"1975","raw","total","4yr",1779.53885339538,"public_institutions"
"1975","raw","total","2yr",1386,"public_institutions"
"1975","raw","tuition","total",433,"public_institutions"
"1975","raw","tuition","4yr",542.145426620799,"public_institutions"
"1975","raw","tuition","2yr",245,"public_institutions"
"1975","raw","dorm","total",543.358548027522,"public_institutions"
"1975","raw","dorm","4yr",551.816543533174,"public_institutions"
"1975","raw","dorm","2yr",442,"public_institutions"
"1975","raw","board","total",686.610722566187,"public_institutions"
"1975","raw","board","4yr",685.576883241407,"public_institutions"
"1975","raw","board","2yr",699,"public_institutions"
"1975","inf","total","total",8986.3311048753,"public_institutions"
"1975","inf","total","4yr",9616.2482574869,"public_institutions"
"1975","inf","total","2yr",7489.64826446281,"public_institutions"
"1975","inf","tuition","total",2339.8396093163,"public_institutions"
"1975","inf","tuition","4yr",2929.63820604395,"public_institutions"
"1975","inf","tuition","2yr",1323.92772351615,"public_institutions"
"1975","inf","dorm","total",2936.19365527804,"public_institutions"
"1975","inf","dorm","4yr",2981.89885827929,"public_institutions"
"1975","inf","dorm","2yr",2388.47368895567,"public_institutions"
"1975","inf","board","total",3710.29784028095,"public_institutions"
"1975","inf","board","4yr",3704.71119316366,"public_institutions"
"1975","inf","board","2yr",3777.24685199098,"public_institutions"
"1976","raw","total","total",1788.98277304808,"public_institutions"
"1976","raw","total","4yr",1935.05880581271,"public_institutions"
"1976","raw","total","2yr",1490.57414699871,"public_institutions"
"1976","raw","tuition","total",478.653051593175,"public_institutions"
"1976","raw","tuition","4yr",616.551537376168,"public_institutions"
"1976","raw","tuition","2yr",283.434414413505,"public_institutions"
"1976","raw","dorm","total",582.497243168287,"public_institutions"
"1976","raw","dorm","4yr",591.823797130186,"public_institutions"
"1976","raw","dorm","2yr",464.817444323877,"public_institutions"
"1976","raw","board","total",727.83247828662,"public_institutions"
"1976","raw","board","4yr",726.683471306359,"public_institutions"
"1976","raw","board","2yr",742.322288261326,"public_institutions"
"1976","inf","total","total",9134.70911272323,"public_institutions"
"1976","inf","total","4yr",9880.58665148345,"public_institutions"
"1976","inf","total","2yr",7611.00746687448,"public_institutions"
"1976","inf","tuition","total",2444.04611273663,"public_institutions"
"1976","inf","tuition","4yr",3148.16835118972,"public_institutions"
"1976","inf","tuition","2yr",1447.24195627167,"public_institutions"
"1976","inf","dorm","total",2974.28402076765,"public_institutions"
"1976","inf","dorm","4yr",3021.90625545295,"public_institutions"
"1976","inf","dorm","2yr",2373.40024084398,"public_institutions"
"1976","inf","board","total",3716.37897921895,"public_institutions"
"1976","inf","board","4yr",3710.51204484077,"public_institutions"
"1976","inf","board","2yr",3790.36526975883,"public_institutions"
"1977","raw","total","total",1887.56723620754,"public_institutions"
"1977","raw","total","4yr",2037.7747500037,"public_institutions"
"1977","raw","total","2yr",1589.5974709227,"public_institutions"
"1977","raw","tuition","total",511.582393370827,"public_institutions"
"1977","raw","tuition","4yr",654.680963043118,"public_institutions"
"1977","raw","tuition","2yr",306.443288215133,"public_institutions"
"1977","raw","dorm","total",620.891268942699,"public_institutions"
"1977","raw","dorm","4yr",631.204793730956,"public_institutions"
"1977","raw","dorm","2yr",485.882003974021,"public_institutions"
"1977","raw","board","total",755.093573894013,"public_institutions"
"1977","raw","board","4yr",751.888993229622,"public_institutions"
"1977","raw","board","2yr",797.272178733541,"public_institutions"
"1977","inf","total","total",9031.54210510149,"public_institutions"
"1977","inf","total","4yr",9750.24788645328,"public_institutions"
"1977","inf","total","2yr",7605.83051740502,"public_institutions"
"1977","inf","tuition","total",2447.79514993086,"public_institutions"
"1977","inf","tuition","4yr",3132.48639291501,"public_institutions"
"1977","inf","tuition","2yr",1466.25529795772,"public_institutions"
"1977","inf","dorm","total",2970.8110686497,"public_institutions"
"1977","inf","dorm","4yr",3020.15873245228,"public_institutions"
"1977","inf","dorm","2yr",2324.82514679544,"public_institutions"
"1977","inf","board","total",3612.93588652093,"public_institutions"
"1977","inf","board","4yr",3597.60276108599,"public_institutions"
"1977","inf","board","2yr",3814.75007265186,"public_institutions"
"1978","raw","total","total",1993.58805919529,"public_institutions"
"1978","raw","total","4yr",2144.77478489614,"public_institutions"
"1978","raw","total","2yr",1690.87328073348,"public_institutions"
"1978","raw","tuition","total",542.744292981266,"public_institutions"
"1978","raw","tuition","4yr",687.674475199913,"public_institutions"
"1978","raw","tuition","2yr",327.249267792812,"public_institutions"
"1978","raw","dorm","total",654.88580129097,"public_institutions"
"1978","raw","dorm","4yr",664.043702016055,"public_institutions"
"1978","raw","dorm","2yr",526.875551997521,"public_institutions"
"1978","raw","board","total",795.957964923056,"public_institutions"
"1978","raw","board","4yr",793.056607680174,"public_institutions"
"1978","raw","board","2yr",836.748460943146,"public_institutions"
"1978","inf","total","total",8721.87500029111,"public_institutions"
"1978","inf","total","4yr",9383.31140746862,"public_institutions"
"1978","inf","total","2yr",7397.50889250529,"public_institutions"
"1978","inf","tuition","total",2374.48647360716,"public_institutions"
"1978","inf","tuition","4yr",3008.55073139104,"public_institutions"
"1978","inf","tuition","2yr",1431.70360318962,"public_institutions"
"1978","inf","dorm","total",2865.10147970634,"public_institutions"
"1978","inf","dorm","4yr",2905.16696114864,"public_institutions"
"1978","inf","dorm","2yr",2305.06131095441,"public_institutions"
"1978","inf","board","total",3482.28704697761,"public_institutions"
"1978","inf","board","4yr",3469.59371492895,"public_institutions"
"1978","inf","board","2yr",3660.74397836127,"public_institutions"
"1979","raw","total","total",2164.95846520942,"public_institutions"
"1979","raw","total","4yr",2327.38299886514,"public_institutions"
"1979","raw","total","2yr",1821.51026056386,"public_institutions"
"1979","raw","tuition","total",583.400446604914,"public_institutions"
"1979","raw","tuition","4yr",737.548350819111,"public_institutions"
"1979","raw","tuition","2yr",354.811218694241,"public_institutions"
"1979","raw","dorm","total",715.014793243523,"public_institutions"
"1979","raw","dorm","4yr",725.192845377006,"public_institutions"
"1979","raw","dorm","2yr",573.758858351162,"public_institutions"
"1979","raw","board","total",866.54322536098,"public_institutions"
"1979","raw","board","4yr",864.641802669019,"public_institutions"
"1979","raw","board","2yr",892.940183518456,"public_institutions"
"1979","inf","total","total",8357.30671077223,"public_institutions"
"1979","inf","total","4yr",8984.3079521026,"public_institutions"
"1979","inf","total","2yr",7031.50668660902,"public_institutions"
"1979","inf","tuition","total",2252.07852521417,"public_institutions"
"1979","inf","tuition","4yr",2847.12980912699,"public_institutions"
"1979","inf","tuition","2yr",1369.66423453478,"public_institutions"
"1979","inf","dorm","total",2760.14437500882,"public_institutions"
"1979","inf","dorm","4yr",2799.43432202844,"public_institutions"
"1979","inf","dorm","2yr",2214.85946927825,"public_institutions"
"1979","inf","board","total",3345.08381054923,"public_institutions"
"1979","inf","board","4yr",3337.74382094717,"public_institutions"
"1979","inf","board","2yr",3446.98298279599,"public_institutions"
"1980","raw","total","total",2373.35452200968,"public_institutions"
"1980","raw","total","4yr",2550.3416661808,"public_institutions"
"1980","raw","total","2yr",2027.0690892426,"public_institutions"
"1980","raw","tuition","total",634.883777758912,"public_institutions"
"1980","raw","tuition","4yr",803.747278020951,"public_institutions"
"1980","raw","tuition","2yr",391.126587483377,"public_institutions"
"1980","raw","dorm","total",798.669784674622,"public_institutions"
"1980","raw","dorm","4yr",810.971389974194,"public_institutions"
"1980","raw","dorm","2yr",641.79453417915,"public_institutions"
"1980","raw","board","total",939.800959576145,"public_institutions"
"1980","raw","board","4yr",935.622998185656,"public_institutions"
"1980","raw","board","2yr",994.147967580076,"public_institutions"
"1980","inf","total","total",8210.77921995349,"public_institutions"
"1980","inf","total","4yr",8823.07812097424,"public_institutions"
"1980","inf","total","2yr",7012.78152969315,"public_institutions"
"1980","inf","tuition","total",2196.4230295836,"public_institutions"
"1980","inf","tuition","4yr",2780.61763940789,"public_institutions"
"1980","inf","tuition","2yr",1353.12867382344,"public_institutions"
"1980","inf","dorm","total",2763.05171047866,"public_institutions"
"1980","inf","dorm","4yr",2805.60993944492,"public_institutions"
"1980","inf","dorm","2yr",2220.33125512818,"public_institutions"
"1980","inf","board","total",3251.30447989122,"public_institutions"
"1980","inf","board","4yr",3236.85054212142,"public_institutions"
"1980","inf","board","2yr",3439.32160074153,"public_institutions"
"1981","raw","total","total",2662.76747716562,"public_institutions"
"1981","raw","total","4yr",2870.84629750497,"public_institutions"
"1981","raw","total","2yr",2223.95473278342,"public_institutions"
"1981","raw","tuition","total",713.782805187585,"public_institutions"
"1981","raw","tuition","4yr",909.499354390091,"public_institutions"
"1981","raw","tuition","2yr",434.49609808512,"public_institutions"
"1981","raw","dorm","total",909.490347800871,"public_institutions"
"1981","raw","dorm","4yr",925.483556274042,"public_institutions"
"1981","raw","dorm","2yr",703.335453347813,"public_institutions"
"1981","raw","board","total",1039.49432417717,"public_institutions"
"1981","raw","board","4yr",1035.86338684084,"public_institutions"
"1981","raw","board","2yr",1086.12318135049,"public_institutions"
"1981","inf","total","total",8479.52853524015,"public_institutions"
"1981","inf","total","4yr",9142.15128010135,"public_institutions"
"1981","inf","total","2yr",7082.13833142984,"public_institutions"
"1981","inf","tuition","total",2273.02673494965,"public_institutions"
"1981","inf","tuition","4yr",2896.28208037993,"public_institutions"
"1981","inf","tuition","2yr",1383.64393202107,"public_institutions"
"1981","inf","dorm","total",2896.25339908089,"public_institutions"
"1981","inf","dorm","4yr",2947.18344414913,"public_institutions"
"1981","inf","dorm","2yr",2239.75735682981,"public_institutions"
"1981","inf","board","total",3310.24840120962,"public_institutions"
"1981","inf","board","4yr",3298.68575557229,"public_institutions"
"1981","inf","board","2yr",3458.73704257896,"public_institutions"
"1982","raw","total","total",2944.68174665668,"public_institutions"
"1982","raw","total","4yr",3196.09643927254,"public_institutions"
"1982","raw","total","2yr",2389.55265293628,"public_institutions"
"1982","raw","tuition","total",798.193282834311,"public_institutions"
"1982","raw","tuition","4yr",1031.43316461338,"public_institutions"
"1982","raw","tuition","2yr",473,"public_institutions"
"1982","raw","dorm","total",1010.23622684762,"public_institutions"
"1982","raw","dorm","4yr",1030.34774533846,"public_institutions"
"1982","raw","dorm","2yr",755.039932429468,"public_institutions"
"1982","raw","board","total",1136.25223697475,"public_institutions"
"1982","raw","board","4yr",1134.31552932071,"public_institutions"
"1982","raw","board","2yr",1161.51272050681,"public_institutions"
"1982","inf","total","total",8991.10493374232,"public_institutions"
"1982","inf","total","4yr",9758.75864904119,"public_institutions"
"1982","inf","total","2yr",7296.10888227417,"public_institutions"
"1982","inf","tuition","total",2437.15286771473,"public_institutions"
"1982","inf","tuition","4yr",3149.31276553398,"public_institutions"
"1982","inf","tuition","2yr",1444.22827305145,"public_institutions"
"1982","inf","dorm","total",3084.59137690097,"public_institutions"
"1982","inf","dorm","4yr",3145.99861499498,"public_institutions"
"1982","inf","dorm","2yr",2305.39115792282,"public_institutions"
"1982","inf","board","total",3469.36068912662,"public_institutions"
"1982","inf","board","4yr",3463.44726851223,"public_institutions"
"1982","inf","board","2yr",3546.4894512999,"public_institutions"
"1983","raw","total","total",3155.96105414175,"public_institutions"
"1983","raw","total","4yr",3432.95619570184,"public_institutions"
"1983","raw","total","2yr",2533.866540845,"public_institutions"
"1983","raw","tuition","total",891.39751707097,"public_institutions"
"1983","raw","tuition","4yr",1147.72721209771,"public_institutions"
"1983","raw","tuition","2yr",528,"public_institutions"
"1983","raw","dorm","total",1086.9545575221,"public_institutions"
"1983","raw","dorm","4yr",1109.74672399213,"public_institutions"
"1983","raw","dorm","2yr",800.736370072158,"public_institutions"
"1983","raw","board","total",1177.60897954868,"public_institutions"
"1983","raw","board","4yr",1175.48225961199,"public_institutions"
"1983","raw","board","2yr",1205.13017077284,"public_institutions"
"1983","inf","total","total",9292.26087372616,"public_institutions"
"1983","inf","total","4yr",10107.8321282425,"public_institutions"
"1983","inf","total","2yr",7460.59552472548,"public_institutions"
"1983","inf","tuition","total",2624.58824070241,"public_institutions"
"1983","inf","tuition","4yr",3379.31314224873,"public_institutions"
"1983","inf","tuition","2yr",1554.61796174214,"public_institutions"
"1983","inf","dorm","total",3200.37704303282,"public_institutions"
"1983","inf","dorm","4yr",3267.48520852778,"public_institutions"
"1983","inf","dorm","2yr",2357.64989305753,"public_institutions"
"1983","inf","board","total",3467.29558999093,"public_institutions"
"1983","inf","board","4yr",3461.03377746598,"public_institutions"
"1983","inf","board","2yr",3548.32766992581,"public_institutions"
"1984","raw","total","total",3408.03558003776,"public_institutions"
"1984","raw","total","4yr",3681.52354998256,"public_institutions"
"1984","raw","total","2yr",2806.96489207381,"public_institutions"
"1984","raw","tuition","total",970.77331572039,"public_institutions"
"1984","raw","tuition","4yr",1227.88169514857,"public_institutions"
"1984","raw","tuition","2yr",584,"public_institutions"
"1984","raw","dorm","total",1195.85300317173,"public_institutions"
"1984","raw","dorm","4yr",1216.72796600158,"public_institutions"
"1984","raw","dorm","2yr",920.640253864522,"public_institutions"
"1984","raw","board","total",1241.40926114565,"public_institutions"
"1984","raw","board","4yr",1236.9138888324,"public_institutions"
"1984","raw","board","2yr",1302.32463820929,"public_institutions"
"1984","inf","total","total",9656.4821050386,"public_institutions"
"1984","inf","total","4yr",10431.3952846968,"public_institutions"
"1984","inf","total","2yr",7953.38124066241,"public_institutions"
"1984","inf","tuition","total",2750.63300577368,"public_institutions"
"1984","inf","tuition","4yr",3479.13551306741,"public_institutions"
"1984","inf","tuition","2yr",1654.73200525684,"public_institutions"
"1984","inf","dorm","total",3388.38396905952,"public_institutions"
"1984","inf","dorm","4yr",3447.53203259224,"public_institutions"
"1984","inf","dorm","2yr",2608.5837215709,"public_institutions"
"1984","inf","board","total",3517.46513020539,"public_institutions"
"1984","inf","board","4yr",3504.72773903712,"public_institutions"
"1984","inf","board","2yr",3690.06551383467,"public_institutions"
"1985","raw","total","total",3571.27642622482,"public_institutions"
"1985","raw","total","4yr",3858.50609519015,"public_institutions"
"1985","raw","total","2yr",2981,"public_institutions"
"1985","raw","tuition","total",1044.71718534442,"public_institutions"
"1985","raw","tuition","4yr",1317.60105315029,"public_institutions"
"1985","raw","tuition","2yr",641,"public_institutions"
"1985","raw","dorm","total",1241.64230727484,"public_institutions"
"1985","raw","dorm","4yr",1263.00495384727,"public_institutions"
"1985","raw","dorm","2yr",960,"public_institutions"
"1985","raw","board","total",1284.91693360555,"public_institutions"
"1985","raw","board","4yr",1277.90008819258,"public_institutions"
"1985","raw","board","2yr",1380,"public_institutions"
"1985","inf","total","total",9835.3931443909,"public_institutions"
"1985","inf","total","4yr",10626.4315239077,"public_institutions"
"1985","inf","total","2yr",8209.75569074685,"public_institutions"
"1985","inf","tuition","total",2877.17975766602,"public_institutions"
"1985","inf","tuition","4yr",3628.70940766007,"public_institutions"
"1985","inf","tuition","2yr",1765.3315658399,"public_institutions"
"1985","inf","dorm","total",3419.51693996032,"public_institutions"
"1985","inf","dorm","4yr",3478.35025403862,"public_institutions"
"1985","inf","dorm","2yr",2643.86630765414,"public_institutions"
"1985","inf","board","total",3538.69644676456,"public_institutions"
"1985","inf","board","4yr",3519.37186220898,"public_institutions"
"1985","inf","board","2yr",3800.55781725282,"public_institutions"
"1986","raw","total","total",3805.00835289562,"public_institutions"
"1986","raw","total","4yr",4137.67555175323,"public_institutions"
"1986","raw","total","2yr",2988.78028431065,"public_institutions"
"1986","raw","tuition","total",1106.17829367702,"public_institutions"
"1986","raw","tuition","4yr",1413.67876688374,"public_institutions"
"1986","raw","tuition","2yr",660.40920577003,"public_institutions"
"1986","raw","dorm","total",1300.89524844754,"public_institutions"
"1986","raw","dorm","4yr",1322.64418987058,"public_institutions"
"1986","raw","dorm","2yr",978.942507112049,"public_institutions"
"1986","raw","board","total",1397.93481077106,"public_institutions"
"1986","raw","board","4yr",1401.35259499891,"public_institutions"
"1986","raw","board","2yr",1349.42857142857,"public_institutions"
"1986","inf","total","total",10251.4894701889,"public_institutions"
"1986","inf","total","4yr",11147.7645817983,"public_institutions"
"1986","inf","total","2yr",8052.40009263112,"public_institutions"
"1986","inf","tuition","total",2980.27601467727,"public_institutions"
"1986","inf","tuition","4yr",3808.74669615631,"public_institutions"
"1986","inf","tuition","2yr",1779.28072452592,"public_institutions"
"1986","inf","dorm","total",3504.88427472964,"public_institutions"
"1986","inf","dorm","4yr",3563.48047828761,"public_institutions"
"1986","inf","dorm","2yr",2637.4761558519,"public_institutions"
"1986","inf","board","total",3766.32918078201,"public_institutions"
"1986","inf","board","4yr",3775.53740735435,"public_institutions"
"1986","inf","board","2yr",3635.6432122533,"public_institutions"
"1987","raw","total","total",4049.9158155951,"public_institutions"
"1987","raw","total","4yr",4403.1043035826,"public_institutions"
"1987","raw","total","2yr",3065.59044246568,"public_institutions"
"1987","raw","tuition","total",1218.26789753979,"public_institutions"
"1987","raw","tuition","4yr",1537.36813330414,"public_institutions"
"1987","raw","tuition","2yr",705.847333774961,"public_institutions"
"1987","raw","dorm","total",1378.04959802407,"public_institutions"
"1987","raw","dorm","4yr",1409.61301073603,"public_institutions"
"1987","raw","dorm","2yr",942.875704048246,"public_institutions"
"1987","raw","board","total",1453.59832003125,"public_institutions"
"1987","raw","board","4yr",1456.12315954244,"public_institutions"
"1987","raw","board","2yr",1416.86740464247,"public_institutions"
"1987","inf","total","total",10477.1932563027,"public_institutions"
"1987","inf","total","4yr",11390.8971980728,"public_institutions"
"1987","inf","total","2yr",7930.72868001526,"public_institutions"
"1987","inf","tuition","total",3151.67741297811,"public_institutions"
"1987","inf","tuition","4yr",3977.19453246018,"public_institutions"
"1987","inf","tuition","2yr",1826.03769118583,"public_institutions"
"1987","inf","dorm","total",3565.03508040126,"public_institutions"
"1987","inf","dorm","4yr",3646.69010481886,"public_institutions"
"1987","inf","dorm","2yr",2439.23365763453,"public_institutions"
"1987","inf","board","total",3760.48076292334,"public_institutions"
"1987","inf","board","4yr",3767.01256079379,"public_institutions"
"1987","inf","board","2yr",3665.4573311949,"public_institutions"
"1988","raw","total","total",4274.16735096275,"public_institutions"
"1988","raw","total","4yr",4678.23251862009,"public_institutions"
"1988","raw","total","2yr",3182.76514656698,"public_institutions"
"1988","raw","tuition","total",1284.70983504633,"public_institutions"
"1988","raw","tuition","4yr",1646.18810218262,"public_institutions"
"1988","raw","tuition","2yr",730.025178215988,"public_institutions"
"1988","raw","dorm","total",1456.62821659006,"public_institutions"
"1988","raw","dorm","4yr",1495.82918124664,"public_institutions"
"1988","raw","dorm","2yr",964.626714889798,"public_institutions"
"1988","raw","board","total",1532.82929932636,"public_institutions"
"1988","raw","board","4yr",1536.21523519082,"public_institutions"
"1988","raw","board","2yr",1488.11325346119,"public_institutions"
"1988","inf","total","total",10569.2111902871,"public_institutions"
"1988","inf","total","4yr",11568.3882792813,"public_institutions"
"1988","inf","total","2yr",7870.37900974424,"public_institutions"
"1988","inf","tuition","total",3176.84555841854,"public_institutions"
"1988","inf","tuition","4yr",4070.7132599726,"public_institutions"
"1988","inf","tuition","2yr",1805.21482881426,"public_institutions"
"1988","inf","dorm","total",3601.96735006264,"public_institutions"
"1988","inf","dorm","4yr",3698.90395555728,"public_institutions"
"1988","inf","dorm","2yr",2385.34026216045,"public_institutions"
"1988","inf","board","total",3790.39828180589,"public_institutions"
"1988","inf","board","4yr",3798.77106375142,"public_institutions"
"1988","inf","board","2yr",3679.82391876953,"public_institutions"
"1989","raw","total","total",4503.82620731412,"public_institutions"
"1989","raw","total","4yr",4975.28484873214,"public_institutions"
"1989","raw","total","2yr",3299.20321742244,"public_institutions"
"1989","raw","tuition","total",1356.00327557994,"public_institutions"
"1989","raw","tuition","4yr",1779.60903294277,"public_institutions"
"1989","raw","tuition","2yr",756.057063495636,"public_institutions"
"1989","raw","dorm","total",1513.29495814825,"public_institutions"
"1989","raw","dorm","4yr",1557.21744012592,"public_institutions"
"1989","raw","dorm","2yr",961.955482254904,"public_institutions"
"1989","raw","board","total",1634.52797358593,"public_institutions"
"1989","raw","board","4yr",1638.45837566345,"public_institutions"
"1989","raw","board","2yr",1581.1906716719,"public_institutions"
"1989","inf","total","total",10629.8811336006,"public_institutions"
"1989","inf","total","4yr",11742.6126394353,"public_institutions"
"1989","inf","total","2yr",7786.74318734588,"public_institutions"
"1989","inf","tuition","total",3200.42403340953,"public_institutions"
"1989","inf","tuition","4yr",4200.21368802877,"public_institutions"
"1989","inf","tuition","2yr",1784.437574906,"public_institutions"
"1989","inf","dorm","total",3571.66213453561,"public_institutions"
"1989","inf","dorm","4yr",3675.32749394871,"public_institutions"
"1989","inf","dorm","2yr",2270.39676077622,"public_institutions"
"1989","inf","board","total",3857.79496565544,"public_institutions"
"1989","inf","board","4yr",3867.07145745778,"public_institutions"
"1989","inf","board","2yr",3731.90885166365,"public_institutions"
"1990","raw","total","total",4756.87056148686,"public_institutions"
"1990","raw","total","4yr",5242.58440552733,"public_institutions"
"1990","raw","total","2yr",3467.46533703406,"public_institutions"
"1990","raw","tuition","total",1453.96610746799,"public_institutions"
"1990","raw","tuition","4yr",1888.12911299476,"public_institutions"
"1990","raw","tuition","2yr",824.098973892478,"public_institutions"
"1990","raw","dorm","total",1611.99404828829,"public_institutions"
"1990","raw","dorm","4yr",1656.53027780984,"public_institutions"
"1990","raw","dorm","2yr",1049.53929057113,"public_institutions"
"1990","raw","board","total",1690.91040573059,"public_institutions"
"1990","raw","board","4yr",1697.92501472272,"public_institutions"
"1990","raw","board","2yr",1593.82707257045,"public_institutions"
"1990","inf","total","total",10645.1216366794,"public_institutions"
"1990","inf","total","4yr",11732.0721608941,"public_institutions"
"1990","inf","total","2yr",7759.63730914709,"public_institutions"
"1990","inf","tuition","total",3253.74547605266,"public_institutions"
"1990","inf","tuition","4yr",4225.33340224046,"public_institutions"
"1990","inf","tuition","2yr",1844.20275985101,"public_institutions"
"1990","inf","dorm","total",3607.38693639549,"public_institutions"
"1990","inf","dorm","4yr",3707.05195236933,"public_institutions"
"1990","inf","dorm","2yr",2348.70242235719,"public_institutions"
"1990","inf","board","total",3783.98922423122,"public_institutions"
"1990","inf","board","4yr",3799.68680628433,"public_institutions"
"1990","inf","board","2yr",3566.7321269389,"public_institutions"
"1991","raw","total","total",5138.35979016864,"public_institutions"
"1991","raw","total","4yr",5693.28301137302,"public_institutions"
"1991","raw","total","2yr",3622.73227541137,"public_institutions"
"1991","raw","tuition","total",1627.95245144664,"public_institutions"
"1991","raw","tuition","4yr",2116.89285186694,"public_institutions"
"1991","raw","tuition","2yr",936.33052229184,"public_institutions"
"1991","raw","dorm","total",1730.79127557381,"public_institutions"
"1991","raw","dorm","4yr",1784.62221731734,"public_institutions"
"1991","raw","dorm","2yr",1074.26131682678,"public_institutions"
"1991","raw","board","total",1779.61606314819,"public_institutions"
"1991","raw","board","4yr",1791.76794218874,"public_institutions"
"1991","raw","board","2yr",1612.14043629276,"public_institutions"
"1991","inf","total","total",11141.8250297862,"public_institutions"
"1991","inf","total","4yr",12345.0995547531,"public_institutions"
"1991","inf","total","2yr",7855.39564972113,"public_institutions"
"1991","inf","tuition","total",3529.99052451224,"public_institutions"
"1991","inf","tuition","4yr",4590.19039644408,"public_institutions"
"1991","inf","tuition","2yr",2030.30369134225,"public_institutions"
"1991","inf","dorm","total",3752.9823412562,"public_institutions"
"1991","inf","dorm","4yr",3869.7073193791,"public_institutions"
"1991","inf","dorm","2yr",2329.38760949607,"public_institutions"
"1991","inf","board","total",3858.85216401775,"public_institutions"
"1991","inf","board","4yr",3885.20183892996,"public_institutions"
"1991","inf","board","2yr",3495.70434888281,"public_institutions"
"1992","raw","total","total",5378.55637272398,"public_institutions"
"1992","raw","total","4yr",6019.88733603682,"public_institutions"
"1992","raw","total","2yr",3798.82599527616,"public_institutions"
"1992","raw","tuition","total",1781.52137123406,"public_institutions"
"1992","raw","tuition","4yr",2349.10857518581,"public_institutions"
"1992","raw","tuition","2yr",1025.19253193441,"public_institutions"
"1992","raw","dorm","total",1756.08033770178,"public_institutions"
"1992","raw","dorm","4yr",1816.34386838537,"public_institutions"
"1992","raw","dorm","2yr",1106.07135121542,"public_institutions"
"1992","raw","board","total",1840.95466378813,"public_institutions"
"1992","raw","board","4yr",1854.43489246564,"public_institutions"
"1992","raw","board","2yr",1667.56211212633,"public_institutions"
"1992","inf","total","total",11309.4030279585,"public_institutions"
"1992","inf","total","4yr",12657.9192162792,"public_institutions"
"1992","inf","total","2yr",7987.72965019705,"public_institutions"
"1992","inf","tuition","total",3745.97601921263,"public_institutions"
"1992","inf","tuition","4yr",4939.4324038208,"public_institutions"
"1992","inf","tuition","2yr",2155.65566695501,"public_institutions"
"1992","inf","dorm","total",3692.48157168328,"public_institutions"
"1992","inf","dorm","4yr",3819.19671774825,"public_institutions"
"1992","inf","dorm","2yr",2325.7182451429,"public_institutions"
"1992","inf","board","total",3870.94543706259,"public_institutions"
"1992","inf","board","4yr",3899.29009471015,"public_institutions"
"1992","inf","board","2yr",3506.35573809914,"public_institutions"
"1993","raw","total","total",5694.39906378963,"public_institutions"
"1993","raw","total","4yr",6365.13734356874,"public_institutions"
"1993","raw","total","2yr",3995.83026377184,"public_institutions"
"1993","raw","tuition","total",1942.06450232504,"public_institutions"
"1993","raw","tuition","4yr",2536.58230753732,"public_institutions"
"1993","raw","tuition","2yr",1124.66129221656,"public_institutions"
"1993","raw","dorm","total",1872.69536035016,"public_institutions"
"1993","raw","dorm","4yr",1933.8050378393,"public_institutions"
"1993","raw","dorm","2yr",1189.80017779574,"public_institutions"
"1993","raw","board","total",1879.63920111443,"public_institutions"
"1993","raw","board","4yr",1894.74999819213,"public_institutions"
"1993","raw","board","2yr",1681.36879375955,"public_institutions"
"1993","inf","total","total",11671.1872315244,"public_institutions"
"1993","inf","total","4yr",13045.9261563799,"public_institutions"
"1993","inf","total","2yr",8189.81645498447,"public_institutions"
"1993","inf","tuition","total",3980.4372978469,"public_institutions"
"1993","inf","tuition","4yr",5198.9554486436,"public_institutions"
"1993","inf","tuition","2yr",2305.09529916438,"public_institutions"
"1993","inf","dorm","total",3838.25895119267,"public_institutions"
"1993","inf","dorm","4yr",3963.50877644098,"public_institutions"
"1993","inf","dorm","2yr",2438.60335174922,"public_institutions"
"1993","inf","board","total",3852.49098248478,"public_institutions"
"1993","inf","board","4yr",3883.46193129532,"public_institutions"
"1993","inf","board","2yr",3446.11780407087,"public_institutions"
"1994","raw","total","total",5965.00769145466,"public_institutions"
"1994","raw","total","4yr",6670.13472181671,"public_institutions"
"1994","raw","total","2yr",4136.72435652532,"public_institutions"
"1994","raw","tuition","total",2056.89904270395,"public_institutions"
"1994","raw","tuition","4yr",2680.71529259585,"public_institutions"
"1994","raw","tuition","2yr",1192.493384621,"public_institutions"
"1994","raw","dorm","total",1959.24651437448,"public_institutions"
"1994","raw","dorm","4yr",2022.58806482657,"public_institutions"
"1994","raw","dorm","2yr",1231.87894146017,"public_institutions"
"1994","raw","board","total",1948.86213437623,"public_institutions"
"1994","raw","board","4yr",1966.83136439429,"public_institutions"
"1994","raw","board","2yr",1712.35203044414,"public_institutions"
"1994","inf","total","total",11885.1612282165,"public_institutions"
"1994","inf","total","4yr",13290.1130532129,"public_institutions"
"1994","inf","total","2yr",8242.34242051812,"public_institutions"
"1994","inf","tuition","total",4098.33113672633,"public_institutions"
"1994","inf","tuition","4yr",5341.27282100412,"public_institutions"
"1994","inf","tuition","2yr",2376.01975938877,"public_institutions"
"1994","inf","dorm","total",3903.76038282748,"public_institutions"
"1994","inf","dorm","4yr",4029.96718397659,"public_institutions"
"1994","inf","dorm","2yr",2454.49471152792,"public_institutions"
"1994","inf","board","total",3883.0697086627,"public_institutions"
"1994","inf","board","4yr",3918.87304823217,"public_institutions"
"1994","inf","board","2yr",3411.82794960144,"public_institutions"
"1995","raw","total","total",6255.86241799913,"public_institutions"
"1995","raw","total","4yr",7013.84638567763,"public_institutions"
"1995","raw","total","2yr",4216.73370054628,"public_institutions"
"1995","raw","tuition","total",2178.72242377211,"public_institutions"
"1995","raw","tuition","4yr",2847.57912223733,"public_institutions"
"1995","raw","tuition","2yr",1239.36106652386,"public_institutions"
"1995","raw","dorm","total",2057.4000693679,"public_institutions"
"1995","raw","dorm","4yr",2121.00761607165,"public_institutions"
"1995","raw","dorm","2yr",1296.55435175776,"public_institutions"
"1995","raw","board","total",2019.73992485912,"public_institutions"
"1995","raw","board","4yr",2045.25964736865,"public_institutions"
"1995","raw","board","2yr",1680.81828226467,"public_institutions"
"1995","inf","total","total",12134.5509950684,"public_institutions"
"1995","inf","total","4yr",13604.8191203353,"public_institutions"
"1995","inf","total","2yr",8179.23520419554,"public_institutions"
"1995","inf","tuition","total",4226.08692277116,"public_institutions"
"1995","inf","tuition","4yr",5523.47410516306,"public_institutions"
"1995","inf","tuition","2yr",2403.99949010487,"public_institutions"
"1995","inf","dorm","total",3990.75689183507,"public_institutions"
"1995","inf","dorm","4yr",4114.13700597044,"public_institutions"
"1995","inf","dorm","2yr",2514.93780522021,"public_institutions"
"1995","inf","board","total",3917.70718046218,"public_institutions"
"1995","inf","board","4yr",3967.20800920178,"public_institutions"
"1995","inf","board","2yr",3260.29790887046,"public_institutions"
"1996","raw","total","total",6529.78871292953,"public_institutions"
"1996","raw","total","4yr",7334.34178078261,"public_institutions"
"1996","raw","total","2yr",4403.81942654491,"public_institutions"
"1996","raw","tuition","total",2271.43488528828,"public_institutions"
"1996","raw","tuition","4yr",2987.22128164733,"public_institutions"
"1996","raw","tuition","2yr",1275.86006370453,"public_institutions"
"1996","raw","dorm","total",2147.72812490892,"public_institutions"
"1996","raw","dorm","4yr",2213.71259147906,"public_institutions"
"1996","raw","dorm","2yr",1339.07368708924,"public_institutions"
"1996","raw","board","total",2110.62570273233,"public_institutions"
"1996","raw","board","4yr",2133.40790765622,"public_institutions"
"1996","raw","board","2yr",1788.88567575114,"public_institutions"
"1996","inf","total","total",12314.5450854223,"public_institutions"
"1996","inf","total","4yr",13831.8537554675,"public_institutions"
"1996","inf","total","2yr",8305.17421932258,"public_institutions"
"1996","inf","tuition","total",4283.70480779834,"public_institutions"
"1996","inf","tuition","4yr",5633.60818706723,"public_institutions"
"1996","inf","tuition","2yr",2406.14772819048,"public_institutions"
"1996","inf","dorm","total",4050.405914827,"public_institutions"
"1996","inf","dorm","4yr",4174.84618758906,"public_institutions"
"1996","inf","dorm","2yr",2525.36246076559,"public_institutions"
"1996","inf","board","total",3980.43436279696,"public_institutions"
"1996","inf","board","4yr",4023.39938081125,"public_institutions"
"1996","inf","board","2yr",3373.66403036651,"public_institutions"
"1997","raw","total","total",6813.36638880748,"public_institutions"
"1997","raw","total","4yr",7673.38058700895,"public_institutions"
"1997","raw","total","2yr",4509.39834805642,"public_institutions"
"1997","raw","tuition","total",2360.43636492033,"public_institutions"
"1997","raw","tuition","4yr",3109.50587576118,"public_institutions"
"1997","raw","tuition","2yr",1314.05093531494,"public_institutions"
"1997","raw","dorm","total",2225.11901018837,"public_institutions"
"1997","raw","dorm","4yr",2300.6226040986,"public_institutions"
"1997","raw","dorm","2yr",1400.7071077875,"public_institutions"
"1997","raw","board","total",2227.81101369877,"public_institutions"
"1997","raw","board","4yr",2263.25210714916,"public_institutions"
"1997","raw","board","2yr",1794.64030495399,"public_institutions"
"1997","inf","total","total",12624.2021628876,"public_institutions"
"1997","inf","total","4yr",14217.6865700794,"public_institutions"
"1997","inf","total","2yr",8355.27595761947,"public_institutions"
"1997","inf","tuition","total",4373.55400589303,"public_institutions"
"1997","inf","tuition","4yr",5761.47363317809,"public_institutions"
"1997","inf","tuition","2yr",2434.75012396197,"public_institutions"
"1997","inf","dorm","total",4122.83012803293,"public_institutions"
"1997","inf","dorm","4yr",4262.72758534759,"public_institutions"
"1997","inf","dorm","2yr",2595.31172853864,"public_institutions"
"1997","inf","board","total",4127.81802896166,"public_institutions"
"1997","inf","board","4yr",4193.48535155369,"public_institutions"
"1997","inf","board","2yr",3325.21410511887,"public_institutions"
"1998","raw","total","total",7106.77696593835,"public_institutions"
"1998","raw","total","4yr",8026.93148031774,"public_institutions"
"1998","raw","total","2yr",4604.31600270602,"public_institutions"
"1998","raw","tuition","total",2430.1425593065,"public_institutions"
"1998","raw","tuition","4yr",3228.71685452065,"public_institutions"
"1998","raw","tuition","2yr",1326.54293997772,"public_institutions"
"1998","raw","dorm","total",2329.58195074303,"public_institutions"
"1998","raw","dorm","4yr",2409.24251269614,"public_institutions"
"1998","raw","dorm","2yr",1450.08907350388,"public_institutions"
"1998","raw","board","total",2347.05245588883,"public_institutions"
"1998","raw","board","4yr",2388.97211310094,"public_institutions"
"1998","raw","board","2yr",1827.68398922442,"public_institutions"
"1998","inf","total","total",12943.7739606741,"public_institutions"
"1998","inf","total","4yr",14619.6774117187,"public_institutions"
"1998","inf","total","2yr",8385.97100601034,"public_institutions"
"1998","inf","tuition","total",4426.08739948322,"public_institutions"
"1998","inf","tuition","4yr",5880.55335748333,"public_institutions"
"1998","inf","tuition","2yr",2416.07018856719,"public_institutions"
"1998","inf","dorm","total",4242.9335179372,"public_institutions"
"1998","inf","dorm","4yr",4388.02155326508,"public_institutions"
"1998","inf","dorm","2yr",2641.08825705904,"public_institutions"
"1998","inf","board","total",4274.75304325366,"public_institutions"
"1998","inf","board","4yr",4351.1025009703,"public_institutions"
"1998","inf","board","2yr",3328.8125603841,"public_institutions"
"1999","raw","total","total",7307.80586777941,"public_institutions"
"1999","raw","total","4yr",8274.08504452166,"public_institutions"
"1999","raw","total","2yr",4730.09255476145,"public_institutions"
"1999","raw","tuition","total",2503.52372414545,"public_institutions"
"1999","raw","tuition","4yr",3348.80570527982,"public_institutions"
"1999","raw","tuition","2yr",1347.72036131914,"public_institutions"
"1999","raw","dorm","total",2439.92165308419,"public_institutions"
"1999","raw","dorm","4yr",2519.11038987563,"public_institutions"
"1999","raw","dorm","2yr",1548.76370945865,"public_institutions"
"1999","raw","board","total",2364.36049054977,"public_institutions"
"1999","raw","board","4yr",2406.16894936621,"public_institutions"
"1999","raw","board","2yr",1833.60848398366,"public_institutions"
"1999","inf","total","total",12936.4636337539,"public_institutions"
"1999","inf","total","4yr",14646.9955849507,"public_institutions"
"1999","inf","total","2yr",8373.33002902492,"public_institutions"
"1999","inf","tuition","total",4431.80130939755,"public_institutions"
"1999","inf","tuition","4yr",5928.1409504689,"public_institutions"
"1999","inf","tuition","2yr",2385.76882830804,"public_institutions"
"1999","inf","dorm","total",4319.2113071175,"public_institutions"
"1999","inf","dorm","4yr",4459.39322112018,"public_institutions"
"1999","inf","dorm","2yr",2741.6608715658,"public_institutions"
"1999","inf","board","total",4185.4510172389,"public_institutions"
"1999","inf","board","4yr",4259.46141336161,"public_institutions"
"1999","inf","board","2yr",3245.90032915108,"public_institutions"
"2000","raw","total","total",7586.19624407444,"public_institutions"
"2000","raw","total","4yr",8653.4115933214,"public_institutions"
"2000","raw","total","2yr",4839.01613557996,"public_institutions"
"2000","raw","tuition","total",2562.05135300094,"public_institutions"
"2000","raw","tuition","4yr",3500.52498169852,"public_institutions"
"2000","raw","tuition","2yr",1332.56730050265,"public_institutions"
"2000","raw","dorm","total",2568.6866574426,"public_institutions"
"2000","raw","dorm","4yr",2654.12353590296,"public_institutions"
"2000","raw","dorm","2yr",1600.44979823149,"public_institutions"
"2000","raw","board","total",2455.4582336309,"public_institutions"
"2000","raw","board","4yr",2498.76307571993,"public_institutions"
"2000","raw","board","2yr",1905.99903684582,"public_institutions"
"2000","inf","total","total",12984.4265951925,"public_institutions"
"2000","inf","total","4yr",14811.0573489624,"public_institutions"
"2000","inf","total","2yr",8282.39183167295,"public_institutions"
"2000","inf","tuition","total",4385.17099424352,"public_institutions"
"2000","inf","tuition","4yr",5991.44923320494,"public_institutions"
"2000","inf","tuition","2yr",2280.80341449716,"public_institutions"
"2000","inf","dorm","total",4396.5278878286,"public_institutions"
"2000","inf","dorm","4yr",4542.76044512073,"public_institutions"
"2000","inf","dorm","2yr",2739.30732291027,"public_institutions"
"2000","inf","board","total",4202.72771312039,"public_institutions"
"2000","inf","board","4yr",4276.84767063673,"public_institutions"
"2000","inf","board","2yr",3262.28109426553,"public_institutions"
"2001","raw","total","total",8021.65175520259,"public_institutions"
"2001","raw","total","4yr",9196.18982345421,"public_institutions"
"2001","raw","total","2yr",5137.40000066475,"public_institutions"
"2001","raw","tuition","total",2700.19006715827,"public_institutions"
"2001","raw","tuition","4yr",3735.20565620102,"public_institutions"
"2001","raw","tuition","2yr",1379.76130688285,"public_institutions"
"2001","raw","dorm","total",2723.0735354678,"public_institutions"
"2001","raw","dorm","4yr",2816.47178894058,"public_institutions"
"2001","raw","dorm","2yr",1722.05061969363,"public_institutions"
"2001","raw","board","total",2598.38815257651,"public_institutions"
"2001","raw","board","4yr",2644.51237831261,"public_institutions"
"2001","raw","board","2yr",2035.58807408826,"public_institutions"
"2001","inf","total","total",13490.890198538,"public_institutions"
"2001","inf","total","4yr",15466.2394902233,"public_institutions"
"2001","inf","total","2yr",8640.12817185516,"public_institutions"
"2001","inf","tuition","total",4541.20533063396,"public_institutions"
"2001","inf","tuition","4yr",6281.90439008823,"public_institutions"
"2001","inf","tuition","2yr",2320.49568585115,"public_institutions"
"2001","inf","dorm","total",4579.69096523227,"public_institutions"
"2001","inf","dorm","4yr",4736.76903603225,"public_institutions"
"2001","inf","dorm","2yr",2896.16110691213,"public_institutions"
"2001","inf","board","total",4369.99390267179,"public_institutions"
"2001","inf","board","4yr",4447.56606410284,"public_institutions"
"2001","inf","board","2yr",3423.47137909188,"public_institutions"
"2002","raw","total","total",8501.50257132212,"public_institutions"
"2002","raw","total","4yr",9787.38708927171,"public_institutions"
"2002","raw","total","2yr",5601.37341372319,"public_institutions"
"2002","raw","tuition","total",2902.62118709004,"public_institutions"
"2002","raw","tuition","4yr",4046.17310137979,"public_institutions"
"2002","raw","tuition","2yr",1483.02533073091,"public_institutions"
"2002","raw","dorm","total",2929.86926670102,"public_institutions"
"2002","raw","dorm","4yr",3028.74204262864,"public_institutions"
"2002","raw","dorm","2yr",1953.93117605079,"public_institutions"
"2002","raw","board","total",2669.01211753106,"public_institutions"
"2002","raw","board","4yr",2712.47194526328,"public_institutions"
"2002","raw","board","2yr",2164.41690694149,"public_institutions"
"2002","inf","total","total",13990.4496127939,"public_institutions"
"2002","inf","total","4yr",16106.5581954027,"public_institutions"
"2002","inf","total","2yr",9217.86847086143,"public_institutions"
"2002","inf","tuition","total",4776.68213616688,"public_institutions"
"2002","inf","tuition","4yr",6658.56187475017,"public_institutions"
"2002","inf","tuition","2yr",2440.53224592051,"public_institutions"
"2002","inf","dorm","total",4821.52278423405,"public_institutions"
"2002","inf","dorm","4yr",4984.23220860787,"public_institutions"
"2002","inf","dorm","2yr",3215.4757863179,"public_institutions"
"2002","inf","board","total",4392.24469239296,"public_institutions"
"2002","inf","board","4yr",4463.76411204464,"public_institutions"
"2002","inf","board","2yr",3561.86043862302,"public_institutions"
"2003","raw","total","total",9246.80513700498,"public_institutions"
"2003","raw","total","4yr",10674.2656975135,"public_institutions"
"2003","raw","total","2yr",6012.09400492098,"public_institutions"
"2003","raw","tuition","total",3318.72050391368,"public_institutions"
"2003","raw","tuition","4yr",4586.54063801157,"public_institutions"
"2003","raw","tuition","2yr",1701.98300496652,"public_institutions"
"2003","raw","dorm","total",3105.94994610783,"public_institutions"
"2003","raw","dorm","4yr",3212.06124564224,"public_institutions"
"2003","raw","dorm","2yr",2088.95797302221,"public_institutions"
"2003","raw","board","total",2822.13468698347,"public_institutions"
"2003","raw","board","4yr",2875.66381385964,"public_institutions"
"2003","raw","board","2yr",2221.15302693224,"public_institutions"
"2003","inf","total","total",14891.1763938446,"public_institutions"
"2003","inf","total","4yr",17189.9776216029,"public_institutions"
"2003","inf","total","2yr",9681.95511824658,"public_institutions"
"2003","inf","tuition","total",5344.51107095078,"public_institutions"
"2003","inf","tuition","4yr",7386.22526009984,"public_institutions"
"2003","inf","tuition","2yr",2740.89577651588,"public_institutions"
"2003","inf","dorm","total",5001.86257119771,"public_institutions"
"2003","inf","dorm","4yr",5172.74560110211,"public_institutions"
"2003","inf","dorm","2yr",3364.08534566323,"public_institutions"
"2003","inf","board","total",4544.80275169616,"public_institutions"
"2003","inf","board","4yr",4631.0067604009,"public_institutions"
"2003","inf","board","2yr",3576.97399606747,"public_institutions"
"2004","raw","total","total",9864.42246115973,"public_institutions"
"2004","raw","total","4yr",11425.6773364498,"public_institutions"
"2004","raw","total","2yr",6375.36982926139,"public_institutions"
"2004","raw","tuition","total",3629.18752773976,"public_institutions"
"2004","raw","tuition","4yr",5026.55024882917,"public_institutions"
"2004","raw","tuition","2yr",1848.69848146308,"public_institutions"
"2004","raw","dorm","total",3304.18394355435,"public_institutions"
"2004","raw","dorm","4yr",3418.49855666961,"public_institutions"
"2004","raw","dorm","2yr",2174.11263220807,"public_institutions"
"2004","raw","board","total",2931.05098986562,"public_institutions"
"2004","raw","board","4yr",2980.62853095101,"public_institutions"
"2004","raw","board","2yr",2352.55871559025,"public_institutions"
"2004","inf","total","total",15421.7152790552,"public_institutions"
"2004","inf","total","4yr",17862.5300616299,"public_institutions"
"2004","inf","total","2yr",9967.04456775557,"public_institutions"
"2004","inf","tuition","total",5673.75302177812,"public_institutions"
"2004","inf","tuition","4yr",7858.34417357204,"public_institutions"
"2004","inf","tuition","2yr",2890.19471035443,"public_institutions"
"2004","inf","dorm","total",5165.6530534612,"public_institutions"
"2004","inf","dorm","4yr",5344.36877885114,"public_institutions"
"2004","inf","dorm","2yr",3398.93654499548,"public_institutions"
"2004","inf","board","total",4582.3092038159,"public_institutions"
"2004","inf","board","4yr",4659.81710920672,"public_institutions"
"2004","inf","board","2yr",3677.91331240565,"public_institutions"
"2005","raw","total","total",10454.275071745,"public_institutions"
"2005","raw","total","4yr",12108.3594102206,"public_institutions"
"2005","raw","total","2yr",6491.70055645076,"public_institutions"
"2005","raw","tuition","total",3873.52238929359,"public_institutions"
"2005","raw","tuition","4yr",5350.92938577413,"public_institutions"
"2005","raw","tuition","2yr",1935.07324909836,"public_institutions"
"2005","raw","dorm","total",3545.28229656582,"public_institutions"
"2005","raw","dorm","4yr",3664.39239611398,"public_institutions"
"2005","raw","dorm","2yr",2250.91950946382,"public_institutions"
"2005","raw","board","total",3035.47038588561,"public_institutions"
"2005","raw","board","4yr",3093.03762833249,"public_institutions"
"2005","raw","board","2yr",2305.70779788858,"public_institutions"
"2005","inf","total","total",15744.2983882563,"public_institutions"
"2005","inf","total","4yr",18235.374737939,"public_institutions"
"2005","inf","total","2yr",9776.60047268205,"public_institutions"
"2005","inf","tuition","total",5833.58404978818,"public_institutions"
"2005","inf","tuition","4yr",8058.58161622438,"public_institutions"
"2005","inf","tuition","2yr",2914.24995304355,"public_institutions"
"2005","inf","dorm","total",5339.24944242144,"public_institutions"
"2005","inf","dorm","4yr",5518.63107677404,"public_institutions"
"2005","inf","dorm","2yr",3389.91925903386,"public_institutions"
"2005","inf","board","total",4571.46489604672,"public_institutions"
"2005","inf","board","4yr",4658.16204494061,"public_institutions"
"2005","inf","board","2yr",3472.43126060465,"public_institutions"
"2006","raw","total","total",11051.3247077436,"public_institutions"
"2006","raw","total","4yr",12799.2555652282,"public_institutions"
"2006","raw","total","2yr",6815.49087146001,"public_institutions"
"2006","raw","tuition","total",4102.12926074884,"public_institutions"
"2006","raw","tuition","4yr",5666.2160130529,"public_institutions"
"2006","raw","tuition","2yr",2017.44481743797,"public_institutions"
"2006","raw","dorm","total",3756.82984092394,"public_institutions"
"2006","raw","dorm","4yr",3878.30166377843,"public_institutions"
"2006","raw","dorm","2yr",2408.04240797427,"public_institutions"
"2006","raw","board","total",3192.3656060708,"public_institutions"
"2006","raw","board","4yr",3254.73788839691,"public_institutions"
"2006","raw","board","2yr",2390.00364604778,"public_institutions"
"2006","inf","total","total",16223.9218030308,"public_institutions"
"2006","inf","total","4yr",18789.9755838111,"public_institutions"
"2006","inf","total","2yr",10005.4965239017,"public_institutions"
"2006","inf","tuition","total",6022.13997980539,"public_institutions"
"2006","inf","tuition","4yr",8318.3010133109,"public_institutions"
"2006","inf","tuition","2yr",2961.71434878834,"public_institutions"
"2006","inf","dorm","total",5515.22239897042,"public_institutions"
"2006","inf","dorm","4yr",5693.5493785299,"public_institutions"
"2006","inf","dorm","2yr",3535.13200982883,"public_institutions"
"2006","inf","board","total",4686.559424255,"public_institutions"
"2006","inf","board","4yr",4778.12519197026,"public_institutions"
"2006","inf","board","2yr",3508.65016528454,"public_institutions"
"2007","raw","total","total",11570.4090407304,"public_institutions"
"2007","raw","total","4yr",13428.979997629,"public_institutions"
"2007","raw","total","2yr",6977.45744789213,"public_institutions"
"2007","raw","tuition","total",4287.83257914116,"public_institutions"
"2007","raw","tuition","4yr",5943.1370079065,"public_institutions"
"2007","raw","tuition","2yr",2058.48341528393,"public_institutions"
"2007","raw","dorm","total",3951.06813064411,"public_institutions"
"2007","raw","dorm","4yr",4081.83915488512,"public_institutions"
"2007","raw","dorm","2yr",2505.17452580585,"public_institutions"
"2007","raw","board","total",3331.50833094518,"public_institutions"
"2007","raw","board","4yr",3404.00383483743,"public_institutions"
"2007","raw","board","2yr",2413.79950680235,"public_institutions"
"2007","inf","total","total",16379.0389487651,"public_institutions"
"2007","inf","total","4yr",19010.0268408029,"public_institutions"
"2007","inf","total","2yr",9877.2694120036,"public_institutions"
"2007","inf","tuition","total",6069.84390718683,"public_institutions"
"2007","inf","tuition","4yr",8413.08826573713,"public_institutions"
"2007","inf","tuition","2yr",2913.98341369219,"public_institutions"
"2007","inf","dorm","total",5593.12108787461,"public_institutions"
"2007","inf","dorm","4yr",5778.24018711073,"public_institutions"
"2007","inf","dorm","2yr",3546.31811089696,"public_institutions"
"2007","inf","board","total",4716.07395370369,"public_institutions"
"2007","inf","board","4yr",4818.69838795503,"public_institutions"
"2007","inf","board","2yr",3416.96788741445,"public_institutions"
"2008","raw","total","total",12208.5858890723,"public_institutions"
"2008","raw","total","4yr",14212.1126563173,"public_institutions"
"2008","raw","total","2yr",7548.5185184687,"public_institutions"
"2008","raw","tuition","total",4511.83170763185,"public_institutions"
"2008","raw","tuition","4yr",6311.83837142397,"public_institutions"
"2008","raw","tuition","2yr",2135.6793213584,"public_institutions"
"2008","raw","dorm","total",4189.72352328557,"public_institutions"
"2008","raw","dorm","4yr",4330.83729960355,"public_institutions"
"2008","raw","dorm","2yr",2663.7294041081,"public_institutions"
"2008","raw","board","total",3507.03065815485,"public_institutions"
"2008","raw","board","4yr",3569.43698528977,"public_institutions"
"2008","raw","board","2yr",2749.1097930022,"public_institutions"
"2008","inf","total","total",17044.4815627045,"public_institutions"
"2008","inf","total","4yr",19841.6175582221,"public_institutions"
"2008","inf","total","2yr",10538.5329540037,"public_institutions"
"2008","inf","tuition","total",6298.9958913743,"public_institutions"
"2008","inf","tuition","4yr",8811.99622347757,"public_institutions"
"2008","inf","tuition","2yr",2981.63498602446,"public_institutions"
"2008","inf","dorm","total",5849.29868162616,"public_institutions"
"2008","inf","dorm","4yr",6046.30848935894,"public_institutions"
"2008","inf","dorm","2yr",3718.84894195592,"public_institutions"
"2008","inf","board","total",4896.186989704,"public_institutions"
"2008","inf","board","4yr",4983.31284538557,"public_institutions"
"2008","inf","board","2yr",3838.04902602335,"public_institutions"
"2009","raw","total","total",12819.40729804,"public_institutions"
"2009","raw","total","4yr",15035.958540435,"public_institutions"
"2009","raw","total","2yr",7708.04427079818,"public_institutions"
"2009","raw","tuition","total",4763.22675033233,"public_institutions"
"2009","raw","tuition","4yr",6716.5991689203,"public_institutions"
"2009","raw","tuition","2yr",2283.17843460956,"public_institutions"
"2009","raw","dorm","total",4400.94856138127,"public_institutions"
"2009","raw","dorm","4yr",4564.17818514646,"public_institutions"
"2009","raw","dorm","2yr",2853.82177363454,"public_institutions"
"2009","raw","board","total",3655.23198632637,"public_institutions"
"2009","raw","board","4yr",3755.18118636821,"public_institutions"
"2009","raw","board","2yr",2571.04406255408,"public_institutions"
"2009","inf","total","total",17725.7138854836,"public_institutions"
"2009","inf","total","4yr",20790.5945169941,"public_institutions"
"2009","inf","total","2yr",10658.1048705504,"public_institutions"
"2009","inf","tuition","total",6586.23231052046,"public_institutions"
"2009","inf","tuition","4yr",9287.20902486352,"public_institutions"
"2009","inf","tuition","2yr",3157.00771030056,"public_institutions"
"2009","inf","dorm","total",6085.3012319612,"public_institutions"
"2009","inf","dorm","4yr",6311.00289984871,"public_institutions"
"2009","inf","dorm","2yr",3946.05047359276,"public_institutions"
"2009","inf","board","total",5054.18034300192,"public_institutions"
"2009","inf","board","4yr",5192.38259228186,"public_institutions"
"2009","inf","board","2yr",3555.04668665711,"public_institutions"
"2010","raw","total","total",13565.8588833277,"public_institutions"
"2010","raw","total","4yr",15919.3510962095,"public_institutions"
"2010","raw","total","2yr",8078.68261717353,"public_institutions"
"2010","raw","tuition","total",5074.95667259004,"public_institutions"
"2010","raw","tuition","4yr",7131.84656692039,"public_institutions"
"2010","raw","tuition","2yr",2440.90595998465,"public_institutions"
"2010","raw","dorm","total",4645.98371267352,"public_institutions"
"2010","raw","dorm","4yr",4831.73842000156,"public_institutions"
"2010","raw","dorm","2yr",2955.14824181168,"public_institutions"
"2010","raw","board","total",3844.91849806416,"public_institutions"
"2010","raw","board","4yr",3955.76610928755,"public_institutions"
"2010","raw","board","2yr",2682.62841537719,"public_institutions"
"2010","inf","total","total",18388.6042810418,"public_institutions"
"2010","inf","total","4yr",21578.7772994552,"public_institutions"
"2010","inf","total","2yr",10950.7034561526,"public_institutions"
"2010","inf","tuition","total",6879.13465695723,"public_institutions"
"2010","inf","tuition","4yr",9667.26142738966,"public_institutions"
"2010","inf","tuition","2yr",3308.66288462997,"public_institutions"
"2010","inf","dorm","total",6297.65919897008,"public_institutions"
"2010","inf","dorm","4yr",6549.45083529574,"public_institutions"
"2010","inf","dorm","2yr",4005.72142743398,"public_institutions"
"2010","inf","board","total",5211.81042511449,"public_institutions"
"2010","inf","board","4yr",5362.06503676983,"public_institutions"
"2010","inf","board","2yr",3636.31914408863,"public_institutions"
"2011","raw","total","total",14358.6212313003,"public_institutions"
"2011","raw","total","4yr",16786.5232091425,"public_institutions"
"2011","raw","total","2yr",8617.10377640649,"public_institutions"
"2011","raw","tuition","total",5563.27616374098,"public_institutions"
"2011","raw","tuition","4yr",7713.41049351398,"public_institutions"
"2011","raw","tuition","2yr",2651.129593086,"public_institutions"
"2011","raw","dorm","total",4849.41040151049,"public_institutions"
"2011","raw","dorm","4yr",5030.94504757368,"public_institutions"
"2011","raw","dorm","2yr",3100.25876032121,"public_institutions"
"2011","raw","board","total",3945.9346660488,"public_institutions"
"2011","raw","board","4yr",4042.16766805482,"public_institutions"
"2011","raw","board","2yr",2865.71542299928,"public_institutions"
"2011","inf","total","total",18909.1825676087,"public_institutions"
"2011","inf","total","4yr",22106.5398218831,"public_institutions"
"2011","inf","total","2yr",11348.0525662801,"public_institutions"
"2011","inf","tuition","total",7326.40014383034,"public_institutions"
"2011","inf","tuition","4yr",10157.9591028432,"public_institutions"
"2011","inf","tuition","2yr",3491.33058658679,"public_institutions"
"2011","inf","dorm","total",6386.29469712102,"public_institutions"
"2011","inf","dorm","4yr",6625.36164578265,"public_institutions"
"2011","inf","dorm","2yr",4082.79861703916,"public_institutions"
"2011","inf","board","total",5196.48772665729,"public_institutions"
"2011","inf","board","4yr",5323.21907325721,"public_institutions"
"2011","inf","board","2yr",3773.9233626541,"public_institutions"
"2012","raw","total","total",15021.1462038208,"public_institutions"
"2012","raw","total","4yr",17474.5248175279,"public_institutions"
"2012","raw","total","2yr",8927.3062745591,"public_institutions"
"2012","raw","tuition","total",5898.5823221671,"public_institutions"
"2012","raw","tuition","4yr",8070.19002637059,"public_institutions"
"2012","raw","tuition","2yr",2791.615629444,"public_institutions"
"2012","raw","dorm","total",5061.61725950559,"public_institutions"
"2012","raw","dorm","4yr",5241.29052962057,"public_institutions"
"2012","raw","dorm","2yr",3247.20651333927,"public_institutions"
"2012","raw","board","total",4060.94662214806,"public_institutions"
"2012","raw","board","4yr",4163.0442615367,"public_institutions"
"2012","raw","board","2yr",2888.48413177583,"public_institutions"
"2012","inf","total","total",19457.8486466165,"public_institutions"
"2012","inf","total","4yr",22635.8664283898,"public_institutions"
"2012","inf","total","2yr",11564.1091535463,"public_institutions"
"2012","inf","tuition","total",7640.80986210903,"public_institutions"
"2012","inf","tuition","4yr",10453.8318149524,"public_institutions"
"2012","inf","tuition","2yr",3616.15775921507,"public_institutions"
"2012","inf","dorm","total",6556.63563926369,"public_institutions"
"2012","inf","dorm","4yr",6789.37788464911,"public_institutions"
"2012","inf","dorm","2yr",4206.3136862879,"public_institutions"
"2012","inf","board","total",5260.40314524379,"public_institutions"
"2012","inf","board","4yr",5392.65672878828,"public_institutions"
"2012","inf","board","2yr",3741.63770804333,"public_institutions"
"2013","raw","total","total",15628.4954207713,"public_institutions"
"2013","raw","total","4yr",18099.5700699284,"public_institutions"
"2013","raw","total","2yr",9283.15150658678,"public_institutions"
"2013","raw","tuition","total",6120.28541274012,"public_institutions"
"2013","raw","tuition","4yr",8311.86165783102,"public_institutions"
"2013","raw","tuition","2yr",2880.51624707737,"public_institutions"
"2013","raw","dorm","total",5303.52797895048,"public_institutions"
"2013","raw","dorm","4yr",5479.36166240443,"public_institutions"
"2013","raw","dorm","2yr",3447.69908969535,"public_institutions"
"2013","raw","board","total",4204.68202908068,"public_institutions"
"2013","raw","board","4yr",4308.34674969299,"public_institutions"
"2013","raw","board","2yr",2954.93616981406,"public_institutions"
"2013","inf","total","total",19933.2058688229,"public_institutions"
"2013","inf","total","4yr",23084.9129508376,"public_institutions"
"2013","inf","total","2yr",11840.1013731836,"public_institutions"
"2013","inf","tuition","total",7806.05591411959,"public_institutions"
"2013","inf","tuition","4yr",10601.279593333,"public_institutions"
"2013","inf","tuition","2yr",3673.92521260685,"public_institutions"
"2013","inf","dorm","total",6764.3309345683,"public_institutions"
"2013","inf","dorm","4yr",6988.59622157108,"public_institutions"
"2013","inf","dorm","2yr",4397.33281281271,"public_institutions"
"2013","inf","board","total",5362.81902013502,"public_institutions"
"2013","inf","board","4yr",5495.03713593347,"public_institutions"
"2013","inf","board","2yr",3768.84334776404,"public_institutions"
"2014","raw","total","total",16188.0090897412,"public_institutions"
"2014","raw","total","4yr",18631.7349907576,"public_institutions"
"2014","raw","total","2yr",9585.48245454384,"public_institutions"
"2014","raw","tuition","total",6370.29977002304,"public_institutions"
"2014","raw","tuition","4yr",8543.35327489438,"public_institutions"
"2014","raw","tuition","2yr",2954.68540630034,"public_institutions"
"2014","raw","dorm","total",5504.26740013439,"public_institutions"
"2014","raw","dorm","4yr",5676.70424997301,"public_institutions"
"2014","raw","dorm","2yr",3558.97689878512,"public_institutions"
"2014","raw","board","total",4313.44191958379,"public_institutions"
"2014","raw","board","4yr",4411.6774658902,"public_institutions"
"2014","raw","board","2yr",3071.82014945838,"public_institutions"
"2014","inf","total","total",20497.5705457611,"public_institutions"
"2014","inf","total","4yr",23591.8635976677,"public_institutions"
"2014","inf","total","2yr",12137.3234804817,"public_institutions"
"2014","inf","tuition","total",8066.19691216026,"public_institutions"
"2014","inf","tuition","4yr",10817.7593352405,"public_institutions"
"2014","inf","tuition","2yr",3741.27987082444,"public_institutions"
"2014","inf","dorm","total",6969.60995706923,"public_institutions"
"2014","inf","dorm","4yr",7187.95283510084,"public_institutions"
"2014","inf","dorm","2yr",4506.44545905356,"public_institutions"
"2014","inf","board","total",5461.7636765316,"public_institutions"
"2014","inf","board","4yr",5586.15142732629,"public_institutions"
"2014","inf","board","2yr",3889.59815060371,"public_institutions"
"2015","raw","total","total",16766.1178911041,"public_institutions"
"2015","raw","total","4yr",19204.3325619595,"public_institutions"
"2015","raw","total","2yr",9914.3315754213,"public_institutions"
"2015","raw","tuition","total",6611.74409500057,"public_institutions"
"2015","raw","tuition","4yr",8778.39707250929,"public_institutions"
"2015","raw","tuition","2yr",3037.73587457732,"public_institutions"
"2015","raw","dorm","total",5685.65125758673,"public_institutions"
"2015","raw","dorm","4yr",5850.42176230094,"public_institutions"
"2015","raw","dorm","2yr",3758.76953571583,"public_institutions"
"2015","raw","board","total",4468.72253851682,"public_institutions"
"2015","raw","board","4yr",4575.51372714925,"public_institutions"
"2015","raw","board","2yr",3117.82616512815,"public_institutions"
"2015","inf","total","total",21087.3831285775,"public_institutions"
"2015","inf","total","4yr",24154.0183060222,"public_institutions"
"2015","inf","total","2yr",12469.6312976297,"public_institutions"
"2015","inf","tuition","total",8315.84161491333,"public_institutions"
"2015","inf","tuition","4yr",11040.9233386701,"public_institutions"
"2015","inf","tuition","2yr",3820.67576088229,"public_institutions"
"2015","inf","dorm","total",7151.05948693255,"public_institutions"
"2015","inf","dorm","4yr",7358.29760751388,"public_institutions"
"2015","inf","dorm","2yr",4727.54717618445,"public_institutions"
"2015","inf","board","total",5620.48202673158,"public_institutions"
"2015","inf","board","4yr",5754.79735983819,"public_institutions"
"2015","inf","board","2yr",3921.40836056301,"public_institutions"
"2016","raw","total","total",17238.4152097522,"public_institutions"
"2016","raw","total","4yr",19488.3954840651,"public_institutions"
"2016","raw","total","2yr",10090.0533524438,"public_institutions"
"2016","raw","tuition","total",6817.93523997573,"public_institutions"
"2016","raw","tuition","4yr",8804.39932425544,"public_institutions"
"2016","raw","tuition","2yr",3156.43212301804,"public_institutions"
"2016","raw","dorm","total",5858.95949719067,"public_institutions"
"2016","raw","dorm","4yr",6017.57978157819,"public_institutions"
"2016","raw","dorm","2yr",3822.89871948395,"public_institutions"
"2016","raw","board","total",4561.52047258577,"public_institutions"
"2016","raw","board","4yr",4666.41637823145,"public_institutions"
"2016","raw","board","2yr",3110.72250994178,"public_institutions"
"2016","inf","total","total",21289.7866202961,"public_institutions"
"2016","inf","total","4yr",24068.5571370254,"public_institutions"
"2016","inf","total","2yr",12461.417145783,"public_institutions"
"2016","inf","tuition","total",8420.28601144058,"public_institutions"
"2016","inf","tuition","4yr",10873.608777403,"public_institutions"
"2016","inf","tuition","2yr",3898.25662990679,"public_institutions"
"2016","inf","dorm","total",7235.93184143638,"public_institutions"
"2016","inf","dorm","4yr",7431.83105648432,"public_institutions"
"2016","inf","dorm","2yr",4721.3561698394,"public_institutions"
"2016","inf","board","total",5633.56876741917,"public_institutions"
"2016","inf","board","4yr",5763.11730313815,"public_institutions"
"2016","inf","board","2yr",3841.80434603679,"public_institutions"
"2017","raw","total","total",17794.3283525093,"public_institutions"
"2017","raw","total","4yr",20048.7541050472,"public_institutions"
"2017","raw","total","2yr",10280.3356044578,"public_institutions"
"2017","raw","tuition","total",7051.45333403323,"public_institutions"
"2017","raw","tuition","4yr",9036.0593376843,"public_institutions"
"2017","raw","tuition","2yr",3241.67432573926,"public_institutions"
"2017","raw","dorm","total",6060.38131073911,"public_institutions"
"2017","raw","dorm","4yr",6227.19597451353,"public_institutions"
"2017","raw","dorm","2yr",3834.38992054328,"public_institutions"
"2017","raw","board","total",4682.49370773697,"public_institutions"
"2017","raw","board","4yr",4785.49879284935,"public_institutions"
"2017","raw","board","2yr",3204.27135817524,"public_institutions"
"2017","inf","total","total",21491.8762738357,"public_institutions"
"2017","inf","total","4yr",24214.7573167305,"public_institutions"
"2017","inf","total","2yr",12416.5237646274,"public_institutions"
"2017","inf","tuition","total",8516.70035550385,"public_institutions"
"2017","inf","tuition","4yr",10913.694826878,"public_institutions"
"2017","inf","tuition","2yr",3915.27357193189,"public_institutions"
"2017","inf","dorm","total",7319.68988783461,"public_institutions"
"2017","inf","dorm","4yr",7521.16757462775,"public_institutions"
"2017","inf","dorm","2yr",4631.15168639326,"public_institutions"
"2017","inf","board","total",5655.48603049722,"public_institutions"
"2017","inf","board","4yr",5779.89491522475,"public_institutions"
"2017","inf","board","2yr",3870.09850630223,"public_institutions"
"2018","raw","total","total",18381.147120358,"public_institutions"
"2018","raw","total","4yr",20596.9844251156,"public_institutions"
"2018","raw","total","2yr",10950.8499576425,"public_institutions"
"2018","raw","tuition","total",7247.94881139222,"public_institutions"
"2018","raw","tuition","4yr",9211.80376820082,"public_institutions"
"2018","raw","tuition","2yr",3312.17949031745,"public_institutions"
"2018","raw","dorm","total",6290.44780179911,"public_institutions"
"2018","raw","dorm","4yr",6458.51625120872,"public_institutions"
"2018","raw","dorm","2yr",4057.07432840039,"public_institutions"
"2018","raw","board","total",4842.75050716662,"public_institutions"
"2018","raw","board","4yr",4926.66440570611,"public_institutions"
"2018","raw","board","2yr",3581.59613892467,"public_institutions"
"2018","inf","total","total",21749.9015855318,"public_institutions"
"2018","inf","total","4yr",24371.8404118988,"public_institutions"
"2018","inf","total","2yr",12957.8370325351,"public_institutions"
"2018","inf","tuition","total",8576.29680631615,"public_institutions"
"2018","inf","tuition","4yr",10900.0719090973,"public_institutions"
"2018","inf","tuition","2yr",3919.21012743728,"public_institutions"
"2018","inf","dorm","total",7443.31241800057,"public_institutions"
"2018","inf","dorm","4yr",7642.18315280053,"public_institutions"
"2018","inf","dorm","2yr",4800.62352964714,"public_institutions"
"2018","inf","board","total",5730.29236121511,"public_institutions"
"2018","inf","board","4yr",5829.58535000093,"public_institutions"
"2018","inf","board","2yr",4238.00337545067,"public_institutions"
"2019","raw","total","total",18836.2154385484,"public_institutions"
"2019","raw","total","4yr",21035.3756603111,"public_institutions"
"2019","raw","total","2yr",11059.6344700371,"public_institutions"
"2019","raw","tuition","total",7410.34075185291,"public_institutions"
"2019","raw","tuition","4yr",9349.14165076386,"public_institutions"
"2019","raw","tuition","2yr",3376.9083014616,"public_institutions"
"2019","raw","dorm","total",6482.71764624003,"public_institutions"
"2019","raw","dorm","4yr",6654.85076544676,"public_institutions"
"2019","raw","dorm","2yr",4105.1455881504,"public_institutions"
"2019","raw","board","total",4943.15704045543,"public_institutions"
"2019","raw","board","4yr",5031.38324410053,"public_institutions"
"2019","raw","board","2yr",3577.58058042508,"public_institutions"
"2019","inf","total","total",21945.0733728623,"public_institutions"
"2019","inf","total","4yr",24507.198051395,"public_institutions"
"2019","inf","total","2yr",12884.9922487776,"public_institutions"
"2019","inf","tuition","total",8633.39411506837,"public_institutions"
"2019","inf","tuition","4yr",10892.1879858849,"public_institutions"
"2019","inf","tuition","2yr",3934.25636326836,"public_institutions"
"2019","inf","dorm","total",7552.66974230628,"public_institutions"
"2019","inf","dorm","4yr",7753.21288979867,"public_institutions"
"2019","inf","dorm","2yr",4782.6869167082,"public_institutions"
"2019","inf","board","total",5759.00951548763,"public_institutions"
"2019","inf","board","4yr",5861.79717571149,"public_institutions"
"2019","inf","board","2yr",4168.04896880103,"public_institutions"
"2020","raw","total","total",19372.136068602,"public_institutions"
"2020","raw","total","4yr",21336.9679268097,"public_institutions"
"2020","raw","total","2yr",11559.7214707484,"public_institutions"
"2020","raw","tuition","total",7635.28672287838,"public_institutions"
"2020","raw","tuition","4yr",9374.16091029224,"public_institutions"
"2020","raw","tuition","2yr",3503.41958909665,"public_institutions"
"2020","raw","dorm","total",6630.13284824307,"public_institutions"
"2020","raw","dorm","4yr",6774.20913717836,"public_institutions"
"2020","raw","dorm","2yr",4407.59298111766,"public_institutions"
"2020","raw","board","total",5106.71649748056,"public_institutions"
"2020","raw","board","4yr",5188.5978793391,"public_institutions"
"2020","raw","board","2yr",3648.70890053411,"public_institutions"
"2020","inf","total","total",22061.6246858989,"public_institutions"
"2020","inf","total","4yr",24299.2397260355,"public_institutions"
"2020","inf","total","2yr",13164.5904023213,"public_institutions"
"2020","inf","tuition","total",8695.31524313344,"public_institutions"
"2020","inf","tuition","4yr",10675.6022679029,"public_institutions"
"2020","inf","tuition","2yr",3989.80927132494,"public_institutions"
"2020","inf","dorm","total",7550.61300403846,"public_institutions"
"2020","inf","dorm","4yr",7714.69181297163,"public_institutions"
"2020","inf","dorm","2yr",5019.5116208802,"public_institutions"
"2020","inf","board","total",5815.69643872705,"public_institutions"
"2020","inf","board","4yr",5908.94564516091,"public_institutions"
"2020","inf","board","2yr",4155.26951011611,"public_institutions"
"2021","raw","total","total",19874.7589022812,"public_institutions"
"2021","raw","total","4yr",21831.9333927421,"public_institutions"
"2021","raw","total","2yr",11605.3914861068,"public_institutions"
"2021","raw","tuition","total",7869.07123006636,"public_institutions"
"2021","raw","tuition","4yr",9596.01154861087,"public_institutions"
"2021","raw","tuition","2yr",3563.43165450641,"public_institutions"
"2021","raw","dorm","total",6798.43472384088,"public_institutions"
"2021","raw","dorm","4yr",6944.19745752367,"public_institutions"
"2021","raw","dorm","2yr",4428.46210569797,"public_institutions"
"2021","raw","board","total",5207.25294837394,"public_institutions"
"2021","raw","board","4yr",5291.7243866076,"public_institutions"
"2021","raw","board","2yr",3613.49772590245,"public_institutions"
"2021","inf","total","total",21119.2690074032,"public_institutions"
"2021","inf","total","4yr",23198.9971068333,"public_institutions"
"2021","inf","total","2yr",12332.0934828138,"public_institutions"
"2021","inf","tuition","total",8361.81374391987,"public_institutions"
"2021","inf","tuition","4yr",10196.8909554923,"public_institutions"
"2021","inf","tuition","2yr",3786.56526456675,"public_institutions"
"2021","inf","dorm","total",7224.13652754232,"public_institutions"
"2021","inf","dorm","4yr",7379.02657672666,"public_institutions"
"2021","inf","dorm","2yr",4705.76186403911,"public_institutions"
"2021","inf","board","total",5533.318735941,"public_institutions"
"2021","inf","board","4yr",5623.07957461432,"public_institutions"
"2021","inf","board","2yr",3839.76635420792,"public_institutions"
"2022","raw","total","total",20401.3291981939,"public_institutions"
"2022","raw","total","4yr",22389.1457083778,"public_institutions"
"2022","raw","total","2yr",11953.3359403509,"public_institutions"
"2022","raw","tuition","total",7998.05128573769,"public_institutions"
"2022","raw","tuition","4yr",9749.98695044003,"public_institutions"
"2022","raw","tuition","2yr",3597.99687074559,"public_institutions"
"2022","raw","dorm","total",7016.915798394,"public_institutions"
"2022","raw","dorm","4yr",7167.02501542679,"public_institutions"
"2022","raw","dorm","2yr",4565.82332709195,"public_institutions"
"2022","raw","board","total",5386.36211406219,"public_institutions"
"2022","raw","board","4yr",5472.13374251099,"public_institutions"
"2022","raw","board","2yr",3789.51574251337,"public_institutions"
"2022","inf","total","total",20401.3291981939,"public_institutions"
"2022","inf","total","4yr",22389.1457083778,"public_institutions"
"2022","inf","total","2yr",11953.3359403509,"public_institutions"
"2022","inf","tuition","total",7998.05128573769,"public_institutions"
"2022","inf","tuition","4yr",9749.98695044003,"public_institutions"
"2022","inf","tuition","2yr",3597.99687074559,"public_institutions"
"2022","inf","dorm","total",7016.915798394,"public_institutions"
"2022","inf","dorm","4yr",7167.02501542679,"public_institutions"
"2022","inf","dorm","2yr",4565.82332709195,"public_institutions"
"2022","inf","board","total",5386.36211406219,"public_institutions"
"2022","inf","board","4yr",5472.13374251099,"public_institutions"
"2022","inf","board","2yr",3789.51574251337,"public_institutions"
"1999","raw","total","total",20989.1474512734,"private_non_profit"
"1999","raw","total","4yr",21231.2819584657,"private_non_profit"
"1999","raw","total","2yr",11687.9067627352,"private_non_profit"
"1999","raw","tuition","total",14910.6014828291,"private_non_profit"
"1999","raw","tuition","4yr",15131.4712908335,"private_non_profit"
"1999","raw","tuition","2yr",6892.64730359635,"private_non_profit"
"1999","raw","dorm","total",3203.71010197145,"private_non_profit"
"1999","raw","dorm","4yr",3220.52274467445,"private_non_profit"
"1999","raw","dorm","2yr",2115.12067323809,"private_non_profit"
"1999","raw","board","total",2874.8358664728,"private_non_profit"
"1999","raw","board","4yr",2879.28792295781,"private_non_profit"
"1999","raw","board","2yr",2680.13878590078,"private_non_profit"
"1999","inf","total","total",37155.5221388776,"private_non_profit"
"1999","inf","total","4yr",37584.1547959904,"private_non_profit"
"1999","inf","total","2yr",20690.2295335297,"private_non_profit"
"1999","inf","tuition","total",26395.1256136241,"private_non_profit"
"1999","inf","tuition","4yr",26786.114959912,"private_non_profit"
"1999","inf","tuition","2yr",12201.539394527,"private_non_profit"
"1999","inf","dorm","total",5671.28902670719,"private_non_profit"
"1999","inf","dorm","4yr",5701.0511940184,"private_non_profit"
"1999","inf","dorm","2yr",3744.24035961154,"private_non_profit"
"1999","inf","board","total",5089.10749854631,"private_non_profit"
"1999","inf","board","4yr",5096.98864205994,"private_non_profit"
"1999","inf","board","2yr",4744.44977939109,"private_non_profit"
"2000","raw","total","total",21934.0628059708,"private_non_profit"
"2000","raw","total","4yr",22169.92815808,"private_non_profit"
"2000","raw","total","2yr",11716.5856173643,"private_non_profit"
"2000","raw","tuition","total",15596.0649037111,"private_non_profit"
"2000","raw","tuition","4yr",15811.4244897627,"private_non_profit"
"2000","raw","tuition","2yr",6968.09630566754,"private_non_profit"
"2000","raw","dorm","total",3347.15189516325,"private_non_profit"
"2000","raw","dorm","4yr",3365.18506469682,"private_non_profit"
"2000","raw","dorm","2yr",2008.15027412525,"private_non_profit"
"2000","raw","board","total",2990.84600709649,"private_non_profit"
"2000","raw","board","4yr",2993.31860362054,"private_non_profit"
"2000","raw","board","2yr",2740.33903757154,"private_non_profit"
"2000","inf","total","total",37542.0328284979,"private_non_profit"
"2000","inf","total","4yr",37945.7366416182,"private_non_profit"
"2000","inf","total","2yr",20053.942845703,"private_non_profit"
"2000","inf","tuition","total",26694.004926945,"private_non_profit"
"2000","inf","tuition","4yr",27062.6113598253,"private_non_profit"
"2000","inf","tuition","2yr",11926.4954501861,"private_non_profit"
"2000","inf","dorm","total",5728.93801945262,"private_non_profit"
"2000","inf","dorm","4yr",5759.80333832308,"private_non_profit"
"2000","inf","dorm","2yr",3437.12171259238,"private_non_profit"
"2000","inf","board","total",5119.08988210034,"private_non_profit"
"2000","inf","board","4yr",5123.32194346983,"private_non_profit"
"2000","inf","board","2yr",4690.32568292455,"private_non_profit"
"2001","raw","total","total",23079.7309182143,"private_non_profit"
"2001","raw","total","4yr",23257.0850581278,"private_non_profit"
"2001","raw","total","2yr",12970.0683730803,"private_non_profit"
"2001","raw","tuition","total",16440.1261970363,"private_non_profit"
"2001","raw","tuition","4yr",16603.7131191907,"private_non_profit"
"2001","raw","tuition","2yr",8126.3598050543,"private_non_profit"
"2001","raw","dorm","total",3535.54132959167,"private_non_profit"
"2001","raw","dorm","4yr",3544.48528691932,"private_non_profit"
"2001","raw","dorm","2yr",2304.10972284704,"private_non_profit"
"2001","raw","board","total",3104.06339158639,"private_non_profit"
"2001","raw","board","4yr",3108.88665201769,"private_non_profit"
"2001","raw","board","2yr",2539.59884517895,"private_non_profit"
"2001","inf","total","total",38815.7109198228,"private_non_profit"
"2001","inf","total","4yr",39113.9867987621,"private_non_profit"
"2001","inf","total","2yr",21813.1843202084,"private_non_profit"
"2001","inf","tuition","total",27649.1605647774,"private_non_profit"
"2001","inf","tuition","4yr",27924.2826059794,"private_non_profit"
"2001","inf","tuition","2yr",13666.9891924312,"private_non_profit"
"2001","inf","dorm","total",5946.10702701962,"private_non_profit"
"2001","inf","dorm","4yr",5961.14905949996,"private_non_profit"
"2001","inf","dorm","2yr",3875.07364130498,"private_non_profit"
"2001","inf","board","total",5220.44332802577,"private_non_profit"
"2001","inf","board","4yr",5228.55513328276,"private_non_profit"
"2001","inf","board","2yr",4271.1214864722,"private_non_profit"
"2002","raw","total","total",24276.458196436,"private_non_profit"
"2002","raw","total","4yr",24445.919823451,"private_non_profit"
"2002","raw","total","2yr",14441.7114364627,"private_non_profit"
"2002","raw","tuition","total",17358.8833563893,"private_non_profit"
"2002","raw","tuition","4yr",17517.4427479877,"private_non_profit"
"2002","raw","tuition","2yr",8906.78849849652,"private_non_profit"
"2002","raw","dorm","total",3722.60344412861,"private_non_profit"
"2002","raw","dorm","4yr",3731.13622578648,"private_non_profit"
"2002","raw","dorm","2yr",2646.0507232277,"private_non_profit"
"2002","raw","board","total",3194.97139591802,"private_non_profit"
"2002","raw","board","4yr",3197.34084967689,"private_non_profit"
"2002","raw","board","2yr",2888.87221473851,"private_non_profit"
"2002","inf","total","total",39950.4160970354,"private_non_profit"
"2002","inf","total","4yr",40229.2896648742,"private_non_profit"
"2002","inf","total","2yr",23765.9207274603,"private_non_profit"
"2002","inf","tuition","total",28566.548194805,"private_non_profit"
"2002","inf","tuition","4yr",28827.4805606051,"private_non_profit"
"2002","inf","tuition","2yr",14657.4061061125,"private_non_profit"
"2002","inf","dorm","total",6126.08129875504,"private_non_profit"
"2002","inf","dorm","4yr",6140.12322261966,"private_non_profit"
"2002","inf","dorm","2yr",4354.45840375213,"private_non_profit"
"2002","inf","board","total",5257.78660347537,"private_non_profit"
"2002","inf","board","4yr",5261.68588164946,"private_non_profit"
"2002","inf","board","2yr",4754.05621759566,"private_non_profit"
"2003","raw","total","total",25684.9971012831,"private_non_profit"
"2003","raw","total","4yr",25852.9595861744,"private_non_profit"
"2003","raw","total","2yr",15569.2780314598,"private_non_profit"
"2003","raw","tuition","total",18428.591400587,"private_non_profit"
"2003","raw","tuition","4yr",18584.1406468187,"private_non_profit"
"2003","raw","tuition","2yr",9586.66112641366,"private_non_profit"
"2003","raw","dorm","total",3907.06640612423,"private_non_profit"
"2003","raw","dorm","4yr",3914.5785933739,"private_non_profit"
"2003","raw","dorm","2yr",2853.4552173913,"private_non_profit"
"2003","raw","board","total",3349.33929457187,"private_non_profit"
"2003","raw","board","4yr",3354.24034598182,"private_non_profit"
"2003","raw","board","2yr",3129.16168765483,"private_non_profit"
"2003","inf","total","total",41363.4565499754,"private_non_profit"
"2003","inf","total","4yr",41633.9455408221,"private_non_profit"
"2003","inf","total","2yr",25072.9697507578,"private_non_profit"
"2003","inf","tuition","total",29677.6455402968,"private_non_profit"
"2003","inf","tuition","4yr",29928.1440886328,"private_non_profit"
"2003","inf","tuition","2yr",15438.4849411543,"private_non_profit"
"2003","inf","dorm","total",6291.99103625809,"private_non_profit"
"2003","inf","dorm","4yr",6304.08876123239,"private_non_profit"
"2003","inf","dorm","2yr",4595.24174507186,"private_non_profit"
"2003","inf","board","total",5393.81997342051,"private_non_profit"
"2003","inf","board","4yr",5401.71269095696,"private_non_profit"
"2003","inf","board","2yr",5039.24306453173,"private_non_profit"
"2004","raw","total","total",27083.3953280656,"private_non_profit"
"2004","raw","total","4yr",27254.8261696346,"private_non_profit"
"2004","raw","total","2yr",15906.2008036221,"private_non_profit"
"2004","raw","tuition","total",19498.401186603,"private_non_profit"
"2004","raw","tuition","4yr",19652.0121646879,"private_non_profit"
"2004","raw","tuition","2yr",9909.55189263185,"private_non_profit"
"2004","raw","dorm","total",4112.72654984127,"private_non_profit"
"2004","raw","dorm","4yr",4119.37435246441,"private_non_profit"
"2004","raw","dorm","2yr",2929.29686027503,"private_non_profit"
"2004","raw","board","total",3472.26759162133,"private_non_profit"
"2004","raw","board","4yr",3483.43965248228,"private_non_profit"
"2004","raw","board","2yr",3067.35205071521,"private_non_profit"
"2004","inf","total","total",42341.2939970961,"private_non_profit"
"2004","inf","total","4yr",42609.3033650175,"private_non_profit"
"2004","inf","total","2yr",24867.2338325725,"private_non_profit"
"2004","inf","tuition","total",30483.1623625771,"private_non_profit"
"2004","inf","tuition","4yr",30723.3127390527,"private_non_profit"
"2004","inf","tuition","2yr",15492.2691554336,"private_non_profit"
"2004","inf","dorm","total",6429.70210592607,"private_non_profit"
"2004","inf","dorm","4yr",6440.09506300888,"private_non_profit"
"2004","inf","dorm","2yr",4579.56685501493,"private_non_profit"
"2004","inf","board","total",5428.42952859295,"private_non_profit"
"2004","inf","board","4yr",5445.89556295595,"private_non_profit"
"2004","inf","board","2yr",4795.39782212397,"private_non_profit"
"2005","raw","total","total",28519.9628189588,"private_non_profit"
"2005","raw","total","4yr",28692.4545685802,"private_non_profit"
"2005","raw","total","2yr",16329.003941356,"private_non_profit"
"2005","raw","tuition","total",20567.9239070225,"private_non_profit"
"2005","raw","tuition","4yr",20731.9618974115,"private_non_profit"
"2005","raw","tuition","2yr",10317.9760518354,"private_non_profit"
"2005","raw","dorm","total",4315.26574202162,"private_non_profit"
"2005","raw","dorm","4yr",4323.27530969563,"private_non_profit"
"2005","raw","dorm","2yr",3016.61117825297,"private_non_profit"
"2005","raw","board","total",3636.77316991467,"private_non_profit"
"2005","raw","board","4yr",3637.21736147311,"private_non_profit"
"2005","raw","board","2yr",2994.41671126761,"private_non_profit"
"2005","inf","total","total",42951.5008512888,"private_non_profit"
"2005","inf","total","4yr",43211.276068309,"private_non_profit"
"2005","inf","total","2yr",24591.7300502798,"private_non_profit"
"2005","inf","tuition","total",30975.6084469528,"private_non_profit"
"2005","inf","tuition","4yr",31222.6521730811,"private_non_profit"
"2005","inf","tuition","2yr",15539.0299765533,"private_non_profit"
"2005","inf","dorm","total",6498.8563052673,"private_non_profit"
"2005","inf","dorm","4yr",6510.91883686849,"private_non_profit"
"2005","inf","dorm","2yr",4543.06264048173,"private_non_profit"
"2005","inf","board","total",5477.03609906869,"private_non_profit"
"2005","inf","board","4yr",5477.70505835948,"private_non_profit"
"2005","inf","board","2yr",4509.63743324471,"private_non_profit"
"2006","raw","total","total",30165.5018058506,"private_non_profit"
"2006","raw","total","4yr",30320.7731073711,"private_non_profit"
"2006","raw","total","2yr",17681.6582309793,"private_non_profit"
"2006","raw","tuition","total",21840.6338891776,"private_non_profit"
"2006","raw","tuition","4yr",21993.5451708035,"private_non_profit"
"2006","raw","tuition","2yr",10935.886340948,"private_non_profit"
"2006","raw","dorm","total",4532.31202664644,"private_non_profit"
"2006","raw","dorm","4yr",4537.26571996118,"private_non_profit"
"2006","raw","dorm","2yr",3575.81483148335,"private_non_profit"
"2006","raw","board","total",3792.55589002657,"private_non_profit"
"2006","raw","board","4yr",3789.96221660647,"private_non_profit"
"2006","raw","board","2yr",3169.95705854801,"private_non_profit"
"2006","inf","total","total",44284.5319805312,"private_non_profit"
"2006","inf","total","4yr",44512.4783598787,"private_non_profit"
"2006","inf","total","2yr",25957.5976702884,"private_non_profit"
"2006","inf","tuition","total",32063.1911302324,"private_non_profit"
"2006","inf","tuition","4yr",32287.6728771275,"private_non_profit"
"2006","inf","tuition","2yr",16054.4522520503,"private_non_profit"
"2006","inf","dorm","total",6653.67074552833,"private_non_profit"
"2006","inf","dorm","4yr",6660.94302601053,"private_non_profit"
"2006","inf","dorm","2yr",5249.48291198555,"private_non_profit"
"2006","inf","board","total",5567.67010477045,"private_non_profit"
"2006","inf","board","4yr",5563.86245674063,"private_non_profit"
"2006","inf","board","2yr",4653.66250625253,"private_non_profit"
"2007","raw","total","total",31920.9921073421,"private_non_profit"
"2007","raw","total","4yr",32050.2354595592,"private_non_profit"
"2007","raw","total","2yr",18856.9561505612,"private_non_profit"
"2007","raw","tuition","total",23201.3378336277,"private_non_profit"
"2007","raw","tuition","4yr",23328.5793925112,"private_non_profit"
"2007","raw","tuition","2yr",11788.8344606031,"private_non_profit"
"2007","raw","dorm","total",4725.25308012403,"private_non_profit"
"2007","raw","dorm","4yr",4730.05727795488,"private_non_profit"
"2007","raw","dorm","2yr",3795.71507181329,"private_non_profit"
"2007","raw","board","total",3994.40119359041,"private_non_profit"
"2007","raw","board","4yr",3991.59878909316,"private_non_profit"
"2007","raw","board","2yr",3272.40661814489,"private_non_profit"
"2007","inf","total","total",45187.2678976934,"private_non_profit"
"2007","inf","total","4yr",45370.2244286494,"private_non_profit"
"2007","inf","total","2yr",26693.854828982,"private_non_profit"
"2007","inf","tuition","total",32843.7494908525,"private_non_profit"
"2007","inf","tuition","4yr",33023.8722887172,"private_non_profit"
"2007","inf","tuition","2yr",16688.2413673573,"private_non_profit"
"2007","inf","dorm","total",6689.05515523917,"private_non_profit"
"2007","inf","dorm","4yr",6695.8559643646,"private_non_profit"
"2007","inf","dorm","2yr",5373.20372864881,"private_non_profit"
"2007","inf","board","total",5654.46325160178,"private_non_profit"
"2007","inf","board","4yr",5650.49617556764,"private_non_profit"
"2007","inf","board","2yr",4632.40973297589,"private_non_profit"
"2008","raw","total","total",33634.9575096561,"private_non_profit"
"2008","raw","total","4yr",33760.5960994479,"private_non_profit"
"2008","raw","total","2yr",20261.4467176319,"private_non_profit"
"2008","raw","tuition","total",24502.9595098309,"private_non_profit"
"2008","raw","tuition","4yr",24637.7978760033,"private_non_profit"
"2008","raw","tuition","2yr",12602.1679115498,"private_non_profit"
"2008","raw","dorm","total",4956.69783502455,"private_non_profit"
"2008","raw","dorm","4yr",4961.86098709367,"private_non_profit"
"2008","raw","dorm","2yr",3889.34372183209,"private_non_profit"
"2008","raw","board","total",4175.30016480061,"private_non_profit"
"2008","raw","board","4yr",4160.93723635099,"private_non_profit"
"2008","raw","board","2yr",3769.93508424994,"private_non_profit"
"2008","inf","total","total",46957.9702632739,"private_non_profit"
"2008","inf","total","4yr",47133.3750682799,"private_non_profit"
"2008","inf","total","2yr",28287.1299059713,"private_non_profit"
"2008","inf","tuition","total",34208.7319032445,"private_non_profit"
"2008","inf","tuition","4yr",34396.980572423,"private_non_profit"
"2008","inf","tuition","2yr",17593.9638357935,"private_non_profit"
"2008","inf","dorm","total",6920.07621755717,"private_non_profit"
"2008","inf","dorm","4yr",6927.28452579591,"private_non_profit"
"2008","inf","dorm","2yr",5429.93660036617,"private_non_profit"
"2008","inf","board","total",5829.16214247225,"private_non_profit"
"2008","inf","board","4yr",5809.10997006094,"private_non_profit"
"2008","inf","board","2yr",5263.22946981157,"private_non_profit"
"2009","raw","total","total",34919.8202489291,"private_non_profit"
"2009","raw","total","4yr",35042.3031702709,"private_non_profit"
"2009","raw","total","2yr",20755.7472050455,"private_non_profit"
"2009","raw","tuition","total",25395.6967572518,"private_non_profit"
"2009","raw","tuition","4yr",25535.1549452193,"private_non_profit"
"2009","raw","tuition","2yr",12635.7841024845,"private_non_profit"
"2009","raw","dorm","total",5173.47462104928,"private_non_profit"
"2009","raw","dorm","4yr",5178.22596887078,"private_non_profit"
"2009","raw","dorm","2yr",4116.32443903518,"private_non_profit"
"2009","raw","board","total",4350.64887062797,"private_non_profit"
"2009","raw","board","4yr",4328.92225618079,"private_non_profit"
"2009","raw","board","2yr",4003.63866352591,"private_non_profit"
"2009","inf","total","total",48284.5055371376,"private_non_profit"
"2009","inf","total","4yr",48453.8657243199,"private_non_profit"
"2009","inf","total","2yr",28699.4888205412,"private_non_profit"
"2009","inf","tuition","total",35115.2626775792,"private_non_profit"
"2009","inf","tuition","4yr",35308.0949888887,"private_non_profit"
"2009","inf","tuition","2yr",17471.8135177456,"private_non_profit"
"2009","inf","dorm","total",7153.49226329295,"private_non_profit"
"2009","inf","dorm","4yr",7160.0620703126,"private_non_profit"
"2009","inf","dorm","2yr",5691.7443661625,"private_non_profit"
"2009","inf","board","total",6015.75059626545,"private_non_profit"
"2009","inf","board","4yr",5985.70866511862,"private_non_profit"
"2009","inf","board","2yr",5535.93093663315,"private_non_profit"
"2010","raw","total","total",36303.5070782774,"private_non_profit"
"2010","raw","total","4yr",36415.9688249269,"private_non_profit"
"2010","raw","total","2yr",20091.5084388504,"private_non_profit"
"2010","raw","tuition","total",26440.9780795245,"private_non_profit"
"2010","raw","tuition","4yr",26581.4557134845,"private_non_profit"
"2010","raw","tuition","2yr",12668.2832288176,"private_non_profit"
"2010","raw","dorm","total",5398.04277277013,"private_non_profit"
"2010","raw","dorm","4yr",5404.43068509273,"private_non_profit"
"2010","raw","dorm","2yr",3979.7087733708,"private_non_profit"
"2010","raw","board","total",4464.48622598279,"private_non_profit"
"2010","raw","board","4yr",4430.08242634959,"private_non_profit"
"2010","raw","board","2yr",3443.51643666204,"private_non_profit"
"2010","inf","total","total",49209.62479544,"private_non_profit"
"2010","inf","total","4yr",49362.0673774893,"private_non_profit"
"2010","inf","total","2yr",27234.1619700385,"private_non_profit"
"2010","inf","tuition","total",35840.9067121895,"private_non_profit"
"2010","inf","tuition","4yr",36031.324999999,"private_non_profit"
"2010","inf","tuition","2yr",17171.9350185177,"private_non_profit"
"2010","inf","dorm","total",7317.0798321218,"private_non_profit"
"2010","inf","dorm","4yr",7325.73868615327,"private_non_profit"
"2010","inf","dorm","2yr",5394.51946365481,"private_non_profit"
"2010","inf","board","total",6051.63825112864,"private_non_profit"
"2010","inf","board","4yr",6005.00369133702,"private_non_profit"
"2010","inf","board","2yr",4667.70748786594,"private_non_profit"
"2011","raw","total","total",37705.0202881097,"private_non_profit"
"2011","raw","total","4yr",37835.0346326574,"private_non_profit"
"2011","raw","total","2yr",22925.9767653854,"private_non_profit"
"2011","raw","tuition","total",27443.0970408332,"private_non_profit"
"2011","raw","tuition","4yr",27615.7323201857,"private_non_profit"
"2011","raw","tuition","2yr",14078.0503991935,"private_non_profit"
"2011","raw","dorm","total",5627.6595982019,"private_non_profit"
"2011","raw","dorm","4yr",5633.1505689444,"private_non_profit"
"2011","raw","dorm","2yr",4281.02041194523,"private_non_profit"
"2011","raw","board","total",4634.26364907457,"private_non_profit"
"2011","raw","board","4yr",4586.15174352732,"private_non_profit"
"2011","raw","board","2yr",4566.90595424671,"private_non_profit"
"2011","inf","total","total",49654.5664697285,"private_non_profit"
"2011","inf","total","4yr",49825.7852056961,"private_non_profit"
"2011","inf","total","2yr",30191.7205847326,"private_non_profit"
"2011","inf","tuition","total",36140.4151419853,"private_non_profit"
"2011","inf","tuition","4yr",36367.7623198446,"private_non_profit"
"2011","inf","tuition","2yr",18539.6926979345,"private_non_profit"
"2011","inf","dorm","total",7411.18809783649,"private_non_profit"
"2011","inf","dorm","4yr",7418.41927738853,"private_non_profit"
"2011","inf","dorm","2yr",5637.76947947257,"private_non_profit"
"2011","inf","board","total",6102.96322990671,"private_non_profit"
"2011","inf","board","4yr",6039.60360846302,"private_non_profit"
"2011","inf","board","2yr",6014.2584073255,"private_non_profit"
"2012","raw","total","total",39170.5452509176,"private_non_profit"
"2012","raw","total","4yr",39299.2175320571,"private_non_profit"
"2012","raw","total","2yr",22147.5194275047,"private_non_profit"
"2012","raw","tuition","total",28566.3060299721,"private_non_profit"
"2012","raw","tuition","4yr",28743.4652896132,"private_non_profit"
"2012","raw","tuition","2yr",13784.6121939215,"private_non_profit"
"2012","raw","dorm","total",5838.3445622732,"private_non_profit"
"2012","raw","dorm","4yr",5843.86563292438,"private_non_profit"
"2012","raw","dorm","2yr",4404.97953459433,"private_non_profit"
"2012","raw","board","total",4765.89465867231,"private_non_profit"
"2012","raw","board","4yr",4711.88660951943,"private_non_profit"
"2012","raw","board","2yr",3957.92769898885,"private_non_profit"
"2012","inf","total","total",50740.1053525418,"private_non_profit"
"2012","inf","total","4yr",50906.7827643354,"private_non_profit"
"2012","inf","total","2yr",28689.0943654334,"private_non_profit"
"2012","inf","tuition","total",37003.7580076774,"private_non_profit"
"2012","inf","tuition","4yr",37233.2436949659,"private_non_profit"
"2012","inf","tuition","2yr",17856.087284032,"private_non_profit"
"2012","inf","dorm","total",7562.78005007453,"private_non_profit"
"2012","inf","dorm","4yr",7569.93184499352,"private_non_profit"
"2012","inf","dorm","2yr",5706.05091732469,"private_non_profit"
"2012","inf","board","total",6173.56729478981,"private_non_profit"
"2012","inf","board","4yr",6103.60722437597,"private_non_profit"
"2012","inf","board","2yr",5126.9561640767,"private_non_profit"
"2013","raw","total","total",40636.3364408109,"private_non_profit"
"2013","raw","total","4yr",40730.8809692543,"private_non_profit"
"2013","raw","total","2yr",23001.1819097354,"private_non_profit"
"2013","raw","tuition","total",29671.4543775254,"private_non_profit"
"2013","raw","tuition","4yr",29822.8886860531,"private_non_profit"
"2013","raw","tuition","2yr",14002.5010685921,"private_non_profit"
"2013","raw","dorm","total",6037.12959955996,"private_non_profit"
"2013","raw","dorm","4yr",6041.85977942473,"private_non_profit"
"2013","raw","dorm","2yr",4792.87771804511,"private_non_profit"
"2013","raw","board","total",4927.75246372555,"private_non_profit"
"2013","raw","board","4yr",4866.13250377648,"private_non_profit"
"2013","raw","board","2yr",4205.8031230982,"private_non_profit"
"2013","inf","total","total",51829.202890054,"private_non_profit"
"2013","inf","total","4yr",51949.7887493126,"private_non_profit"
"2013","inf","total","2yr",29336.6240248336,"private_non_profit"
"2013","inf","tuition","total",37844.1553464276,"private_non_profit"
"2013","inf","tuition","4yr",38037.300698313,"private_non_profit"
"2013","inf","tuition","2yr",17859.3478747607,"private_non_profit"
"2013","inf","dorm","total",7699.99567615794,"private_non_profit"
"2013","inf","dorm","4yr",7706.02873605925,"private_non_profit"
"2013","inf","dorm","2yr",6113.02724195139,"private_non_profit"
"2013","inf","board","total",6285.05186746845,"private_non_profit"
"2013","inf","board","4yr",6206.45931494026,"private_non_profit"
"2013","inf","board","2yr",5364.24890812153,"private_non_profit"
"2014","raw","total","total",41968.8662730591,"private_non_profit"
"2014","raw","total","4yr",42063.2110961893,"private_non_profit"
"2014","raw","total","2yr",23582.2201821057,"private_non_profit"
"2014","raw","tuition","total",30641.4964463172,"private_non_profit"
"2014","raw","tuition","4yr",30788.5207850289,"private_non_profit"
"2014","raw","tuition","2yr",14292.8157437915,"private_non_profit"
"2014","raw","dorm","total",6249.16732683671,"private_non_profit"
"2014","raw","dorm","4yr",6253.88104541619,"private_non_profit"
"2014","raw","dorm","2yr",5037.61754592212,"private_non_profit"
"2014","raw","board","total",5078.20249990518,"private_non_profit"
"2014","raw","board","4yr",5020.8092657442,"private_non_profit"
"2014","raw","board","2yr",4251.78689239205,"private_non_profit"
"2014","inf","total","total",53141.7910867626,"private_non_profit"
"2014","inf","total","4yr",53261.2523285384,"private_non_profit"
"2014","inf","total","2yr",29860.2637995004,"private_non_profit"
"2014","inf","tuition","total",38798.8560887394,"private_non_profit"
"2014","inf","tuition","4yr",38985.0211531386,"private_non_profit"
"2014","inf","tuition","2yr",18097.8400359062,"private_non_profit"
"2014","inf","dorm","total",7912.8166672007,"private_non_profit"
"2014","inf","dorm","4yr",7918.78526893425,"private_non_profit"
"2014","inf","dorm","2yr",6378.72887627302,"private_non_profit"
"2014","inf","board","total",6430.11833082253,"private_non_profit"
"2014","inf","board","4yr",6357.44590646556,"private_non_profit"
"2014","inf","board","2yr",5383.69488732116,"private_non_profit"
"2015","raw","total","total",43076.5853148341,"private_non_profit"
"2015","raw","total","4yr",43202.1874025289,"private_non_profit"
"2015","raw","total","2yr",24349.3805395219,"private_non_profit"
"2015","raw","tuition","total",31409.130504889,"private_non_profit"
"2015","raw","tuition","4yr",31578.0334544443,"private_non_profit"
"2015","raw","tuition","2yr",14724.3704169483,"private_non_profit"
"2015","raw","dorm","total",6491.32486023439,"private_non_profit"
"2015","raw","dorm","4yr",6496.5303569458,"private_non_profit"
"2015","raw","dorm","2yr",5379.27141932875,"private_non_profit"
"2015","raw","board","total",5176.12994971074,"private_non_profit"
"2015","raw","board","4yr",5127.62359113884,"private_non_profit"
"2015","raw","board","2yr",4245.73870324484,"private_non_profit"
"2015","inf","total","total",54179.0570902958,"private_non_profit"
"2015","inf","total","4yr",54337.0316054562,"private_non_profit"
"2015","inf","total","2yr",30625.140519432,"private_non_profit"
"2015","inf","tuition","total",39504.4561295558,"private_non_profit"
"2015","inf","tuition","4yr",39716.8917829344,"private_non_profit"
"2015","inf","tuition","2yr",18519.399799403,"private_non_profit"
"2015","inf","dorm","total",8164.38577068885,"private_non_profit"
"2015","inf","dorm","4yr",8170.93292157022,"private_non_profit"
"2015","inf","dorm","2yr",6765.71393024613,"private_non_profit"
"2015","inf","board","total",6510.21519005117,"private_non_profit"
"2015","inf","board","4yr",6449.20690095161,"private_non_profit"
"2015","inf","board","2yr",5340.02678978285,"private_non_profit"
"2016","raw","total","total",44547.6919543695,"private_non_profit"
"2016","raw","total","4yr",44698.9529200669,"private_non_profit"
"2016","raw","total","2yr",25267.9316095802,"private_non_profit"
"2016","raw","tuition","total",32553.3259057928,"private_non_profit"
"2016","raw","tuition","4yr",32716.9137276015,"private_non_profit"
"2016","raw","tuition","2yr",15301.013527665,"private_non_profit"
"2016","raw","dorm","total",6703.84870094638,"private_non_profit"
"2016","raw","dorm","4yr",6709.25086070645,"private_non_profit"
"2016","raw","dorm","2yr",5614.55089707994,"private_non_profit"
"2016","raw","board","total",5290.51734763032,"private_non_profit"
"2016","raw","board","4yr",5272.78833175894,"private_non_profit"
"2016","raw","board","2yr",4352.36718483522,"private_non_profit"
"2016","inf","total","total",55017.2881088669,"private_non_profit"
"2016","inf","total","4yr",55204.0984185442,"private_non_profit"
"2016","inf","total","2yr",31206.3995302693,"private_non_profit"
"2016","inf","tuition","total",40204.0068000688,"private_non_profit"
"2016","inf","tuition","4yr",40406.0410229142,"private_non_profit"
"2016","inf","tuition","2yr",18897.0568996369,"private_non_profit"
"2016","inf","dorm","total",8279.38686017703,"private_non_profit"
"2016","inf","dorm","4yr",8286.05863523182,"private_non_profit"
"2016","inf","dorm","2yr",6934.08234534239,"private_non_profit"
"2016","inf","board","total",6533.89444862106,"private_non_profit"
"2016","inf","board","4yr",6511.99876039817,"private_non_profit"
"2016","inf","board","2yr",5375.26028529005,"private_non_profit"
"2017","raw","total","total",46007.8377984459,"private_non_profit"
"2017","raw","total","4yr",46143.7752486367,"private_non_profit"
"2017","raw","total","2yr",26529.6483860943,"private_non_profit"
"2017","raw","tuition","total",33597.9523634422,"private_non_profit"
"2017","raw","tuition","4yr",33748.2789200121,"private_non_profit"
"2017","raw","tuition","2yr",15788.6622418586,"private_non_profit"
"2017","raw","dorm","total",6951.3047381971,"private_non_profit"
"2017","raw","dorm","4yr",6955.0938220702,"private_non_profit"
"2017","raw","dorm","2yr",6015.92325362233,"private_non_profit"
"2017","raw","board","total",5458.58069680664,"private_non_profit"
"2017","raw","board","4yr",5440.40250655446,"private_non_profit"
"2017","raw","board","2yr",4725.06289061334,"private_non_profit"
"2017","inf","total","total",55567.9730081784,"private_non_profit"
"2017","inf","total","4yr",55732.1573933715,"private_non_profit"
"2017","inf","total","2yr",32042.3400876437,"private_non_profit"
"2017","inf","tuition","total",40579.3925426524,"private_non_profit"
"2017","inf","tuition","4yr",40760.9559987418,"private_non_profit"
"2017","inf","tuition","2yr",19069.4455395702,"private_non_profit"
"2017","inf","dorm","total",8395.74152030258,"private_non_profit"
"2017","inf","dorm","4yr",8400.31795163388,"private_non_profit"
"2017","inf","dorm","2yr",7265.99373004767,"private_non_profit"
"2017","inf","board","total",6592.83894522339,"private_non_profit"
"2017","inf","board","4yr",6570.88344299579,"private_non_profit"
"2017","inf","board","2yr",5706.90081802576,"private_non_profit"
"2018","raw","total","total",47429.8257896332,"private_non_profit"
"2018","raw","total","4yr",47552.0388066341,"private_non_profit"
"2018","raw","total","2yr",27877.7507635415,"private_non_profit"
"2018","raw","tuition","total",34632.1016616626,"private_non_profit"
"2018","raw","tuition","4yr",34769.7507092165,"private_non_profit"
"2018","raw","tuition","2yr",16594.880390274,"private_non_profit"
"2018","raw","dorm","total",7172.62892563751,"private_non_profit"
"2018","raw","dorm","4yr",7174.31698025258,"private_non_profit"
"2018","raw","dorm","2yr",6648.98702738516,"private_non_profit"
"2018","raw","board","total",5625.09520233307,"private_non_profit"
"2018","raw","board","4yr",5607.97111716504,"private_non_profit"
"2018","raw","board","2yr",4633.88334588235,"private_non_profit"
"2018","inf","total","total",56122.3973884037,"private_non_profit"
"2018","inf","total","4yr",56267.008661837,"private_non_profit"
"2018","inf","total","2yr",32986.9692877582,"private_non_profit"
"2018","inf","tuition","total",40979.2053732622,"private_non_profit"
"2018","inf","tuition","4yr",41142.0816735298,"private_non_profit"
"2018","inf","tuition","2yr",19636.261706016,"private_non_profit"
"2018","inf","dorm","total",8487.1728745032,"private_non_profit"
"2018","inf","dorm","4yr",8489.17030271094,"private_non_profit"
"2018","inf","dorm","2yr",7867.5619395341,"private_non_profit"
"2018","inf","board","total",6656.01914063832,"private_non_profit"
"2018","inf","board","4yr",6635.75668559631,"private_non_profit"
"2018","inf","board","2yr",5483.14564220807,"private_non_profit"
"2019","raw","total","total",48815.3535077064,"private_non_profit"
"2019","raw","total","4yr",48956.564210807,"private_non_profit"
"2019","raw","total","2yr",28422.6530124599,"private_non_profit"
"2019","raw","tuition","total",35651.3304171308,"private_non_profit"
"2019","raw","tuition","4yr",35798.9656027247,"private_non_profit"
"2019","raw","tuition","2yr",16895.4125177515,"private_non_profit"
"2019","raw","dorm","total",7396.03132400498,"private_non_profit"
"2019","raw","dorm","4yr",7397.53681629796,"private_non_profit"
"2019","raw","dorm","2yr",6869.82440080227,"private_non_profit"
"2019","raw","board","total",5767.99176657057,"private_non_profit"
"2019","raw","board","4yr",5760.0617917843,"private_non_profit"
"2019","raw","board","2yr",4657.41609390609,"private_non_profit"
"2019","inf","total","total",56872.1736032227,"private_non_profit"
"2019","inf","total","4yr",57036.6906873836,"private_non_profit"
"2019","inf","total","2yr",33113.7222253977,"private_non_profit"
"2019","inf","tuition","total",41535.4700309367,"private_non_profit"
"2019","inf","tuition","4yr",41707.4719381587,"private_non_profit"
"2019","inf","tuition","2yr",19683.9470527635,"private_non_profit"
"2019","inf","dorm","total",8616.72296129702,"private_non_profit"
"2019","inf","dorm","4yr",8618.47693034348,"private_non_profit"
"2019","inf","dorm","2yr",8003.66724547848,"private_non_profit"
"2019","inf","board","total",6719.980610989,"private_non_profit"
"2019","inf","board","4yr",6710.74181888145,"private_non_profit"
"2019","inf","board","2yr",5426.10792715565,"private_non_profit"
"2020","raw","total","total",49209.5047699631,"private_non_profit"
"2020","raw","total","4yr",49343.4279739698,"private_non_profit"
"2020","raw","total","2yr",27741.4558429736,"private_non_profit"
"2020","raw","tuition","total",35702.2700670863,"private_non_profit"
"2020","raw","tuition","4yr",35851.579962006,"private_non_profit"
"2020","raw","tuition","2yr",16418.4461782449,"private_non_profit"
"2020","raw","dorm","total",7583.06568272014,"private_non_profit"
"2020","raw","dorm","4yr",7585.11260644495,"private_non_profit"
"2020","raw","dorm","2yr",6653.81250618673,"private_non_profit"
"2020","raw","board","total",5924.16902015665,"private_non_profit"
"2020","raw","board","4yr",5906.7354055189,"private_non_profit"
"2020","raw","board","2yr",4669.19715854194,"private_non_profit"
"2020","inf","total","total",56041.3999452268,"private_non_profit"
"2020","inf","total","4yr",56193.9160876422,"private_non_profit"
"2020","inf","total","2yr",31592.8808718247,"private_non_profit"
"2020","inf","tuition","total",40658.9175228472,"private_non_profit"
"2020","inf","tuition","4yr",40828.9565341335,"private_non_profit"
"2020","inf","tuition","2yr",18697.8656472038,"private_non_profit"
"2020","inf","dorm","total",8635.84420779699,"private_non_profit"
"2020","inf","dorm","4yr",8638.1753117505,"private_non_profit"
"2020","inf","dorm","2yr",7577.58017608358,"private_non_profit"
"2020","inf","board","total",6746.63821458268,"private_non_profit"
"2020","inf","board","4yr",6726.78424175827,"private_non_profit"
"2020","inf","board","2yr",5317.43504853731,"private_non_profit"
"2021","raw","total","total",51008.8313657891,"private_non_profit"
"2021","raw","total","4yr",51116.4798663252,"private_non_profit"
"2021","raw","total","2yr",30818.3673347729,"private_non_profit"
"2021","raw","tuition","total",37098.7008794521,"private_non_profit"
"2021","raw","tuition","4yr",37225.1861403224,"private_non_profit"
"2021","raw","tuition","2yr",18482.9002201,"private_non_profit"
"2021","raw","dorm","total",7841.38138964964,"private_non_profit"
"2021","raw","dorm","4yr",7842.25671355106,"private_non_profit"
"2021","raw","dorm","2yr",7391.95908516553,"private_non_profit"
"2021","raw","board","total",6068.74909668734,"private_non_profit"
"2021","raw","board","4yr",6049.03701245173,"private_non_profit"
"2021","raw","board","2yr",4943.50802950738,"private_non_profit"
"2021","inf","total","total",54202.8829966697,"private_non_profit"
"2021","inf","total","4yr",54317.2721901307,"private_non_profit"
"2021","inf","total","2yr",32748.1401566754,"private_non_profit"
"2021","inf","tuition","total",39421.7332421782,"private_non_profit"
"2021","inf","tuition","4yr",39556.1387090784,"private_non_profit"
"2021","inf","tuition","2yr",19640.2554468462,"private_non_profit"
"2021","inf","dorm","total",8332.39003159169,"private_non_profit"
"2021","inf","dorm","4yr",8333.32016619274,"private_non_profit"
"2021","inf","dorm","2yr",7854.82597192213,"private_non_profit"
"2021","inf","board","total",6448.75972289979,"private_non_profit"
"2021","inf","board","4yr",6427.81331485956,"private_non_profit"
"2021","inf","board","2yr",5253.05873790704,"private_non_profit"
"2022","raw","total","total",52773.214161521,"private_non_profit"
"2022","raw","total","4yr",52847.5954189998,"private_non_profit"
"2022","raw","total","2yr",33162.2698061655,"private_non_profit"
"2022","raw","tuition","total",38314.5803706374,"private_non_profit"
"2022","raw","tuition","4yr",38421.2728504376,"private_non_profit"
"2022","raw","tuition","2yr",20019.2620167914,"private_non_profit"
"2022","raw","dorm","total",8144.02388476774,"private_non_profit"
"2022","raw","dorm","4yr",8144.65083846614,"private_non_profit"
"2022","raw","dorm","2yr",7800.32742217368,"private_non_profit"
"2022","raw","board","total",6314.6099061158,"private_non_profit"
"2022","raw","board","4yr",6281.67173009608,"private_non_profit"
"2022","raw","board","2yr",5342.68036720044,"private_non_profit"
"2022","inf","total","total",52773.214161521,"private_non_profit"
"2022","inf","total","4yr",52847.5954189998,"private_non_profit"
"2022","inf","total","2yr",33162.2698061655,"private_non_profit"
"2022","inf","tuition","total",38314.5803706374,"private_non_profit"
"2022","inf","tuition","4yr",38421.2728504376,"private_non_profit"
"2022","inf","tuition","2yr",20019.2620167914,"private_non_profit"
"2022","inf","dorm","total",8144.02388476774,"private_non_profit"
"2022","inf","dorm","4yr",8144.65083846614,"private_non_profit"
"2022","inf","dorm","2yr",7800.32742217368,"private_non_profit"
"2022","inf","board","total",6314.6099061158,"private_non_profit"
"2022","inf","board","4yr",6281.67173009608,"private_non_profit"
"2022","inf","board","2yr",5342.68036720044,"private_non_profit"
"1999","raw","total","total",16124.2734657881,"private_for_profit"
"1999","raw","total","4yr",16547.4339006714,"private_for_profit"
"1999","raw","total","2yr",15733.605906663,"private_for_profit"
"1999","raw","tuition","total",8706.9301556709,"private_for_profit"
"1999","raw","tuition","4yr",8660.81809780715,"private_for_profit"
"1999","raw","tuition","2yr",8765.74519305624,"private_for_profit"
"1999","raw","dorm","total",4246.63938643112,"private_for_profit"
"1999","raw","dorm","4yr",4631.41154236944,"private_for_profit"
"1999","raw","dorm","2yr",3911.70275242341,"private_for_profit"
"1999","raw","board","total",3170.7039236861,"private_for_profit"
"1999","raw","board","4yr",3255.20426049486,"private_for_profit"
"1999","raw","board","2yr",3056.15796118334,"private_for_profit"
"1999","inf","total","total",28543.5985964766,"private_for_profit"
"1999","inf","total","4yr",29292.6879505394,"private_for_profit"
"1999","inf","total","2yr",27852.0289567038,"private_for_profit"
"1999","inf","tuition","total",15413.2289990208,"private_for_profit"
"1999","inf","tuition","4yr",15331.6002625129,"private_for_profit"
"1999","inf","tuition","2yr",15517.3448726523,"private_for_profit"
"1999","inf","dorm","total",7517.50894621489,"private_for_profit"
"1999","inf","dorm","4yr",8198.642393468,"private_for_profit"
"1999","inf","dorm","2yr",6924.59560617164,"private_for_profit"
"1999","inf","board","total",5612.86065124088,"private_for_profit"
"1999","inf","board","4yr",5762.44529455852,"private_for_profit"
"1999","inf","board","2yr",5410.08847787982,"private_for_profit"
"2000","raw","total","total",17687.6411302041,"private_for_profit"
"2000","raw","total","4yr",18220.2680507785,"private_for_profit"
"2000","raw","total","2yr",17061.2817443435,"private_for_profit"
"2000","raw","tuition","total",10192.4112153431,"private_for_profit"
"2000","raw","tuition","4yr",10410.8535430588,"private_for_profit"
"2000","raw","tuition","2yr",9945.47024028805,"private_for_profit"
"2000","raw","dorm","total",4506.75240752064,"private_for_profit"
"2000","raw","dorm","4yr",4960.34643230073,"private_for_profit"
"2000","raw","dorm","2yr",3954.6996949928,"private_for_profit"
"2000","raw","board","total",2988.47750734044,"private_for_profit"
"2000","raw","board","4yr",2849.068075419,"private_for_profit"
"2000","raw","board","2yr",3161.11180906261,"private_for_profit"
"2000","inf","total","total",30273.9173240652,"private_for_profit"
"2000","inf","total","4yr",31185.5540561394,"private_for_profit"
"2000","inf","total","2yr",29201.8494251797,"private_for_profit"
"2000","inf","tuition","total",17445.1874161589,"private_for_profit"
"2000","inf","tuition","4yr",17819.0702262329,"private_for_profit"
"2000","inf","tuition","2yr",17022.5267228698,"private_for_profit"
"2000","inf","dorm","total",7713.69391661425,"private_for_profit"
"2000","inf","dorm","4yr",8490.05905788982,"private_for_profit"
"2000","inf","dorm","2yr",6768.80827275899,"private_for_profit"
"2000","inf","board","total",5115.03599129212,"private_for_profit"
"2000","inf","board","4yr",4876.42477201666,"private_for_profit"
"2000","inf","board","2yr",5410.51442955091,"private_for_profit"
"2001","raw","total","total",18576.3288785147,"private_for_profit"
"2001","raw","total","4yr",19772.1251155623,"private_for_profit"
"2001","raw","total","2yr",16956.4304533633,"private_for_profit"
"2001","raw","tuition","total",10859.7427595074,"private_for_profit"
"2001","raw","tuition","4yr",11068.9452590775,"private_for_profit"
"2001","raw","tuition","2yr",10629.3371770262,"private_for_profit"
"2001","raw","dorm","total",4629.1656533354,"private_for_profit"
"2001","raw","dorm","4yr",5396.43679678338,"private_for_profit"
"2001","raw","dorm","2yr",3579.36932654839,"private_for_profit"
"2001","raw","board","total",3087.42046567193,"private_for_profit"
"2001","raw","board","4yr",3306.74305970149,"private_for_profit"
"2001","raw","board","2yr",2747.72394978871,"private_for_profit"
"2001","inf","total","total",31241.8465473068,"private_for_profit"
"2001","inf","total","4yr",33252.9480294138,"private_for_profit"
"2001","inf","total","2yr",28517.485972525,"private_for_profit"
"2001","inf","tuition","total",18264.0186365436,"private_for_profit"
"2001","inf","tuition","4yr",18615.8573895945,"private_for_profit"
"2001","inf","tuition","2yr",17876.5203370358,"private_for_profit"
"2001","inf","dorm","total",7785.37481379534,"private_for_profit"
"2001","inf","dorm","4yr",9075.77871870806,"private_for_profit"
"2001","inf","dorm","2yr",6019.81736905503,"private_for_profit"
"2001","inf","board","total",5192.45309696784,"private_for_profit"
"2001","inf","board","4yr",5561.31192111117,"private_for_profit"
"2001","inf","board","2yr",4621.14826643413,"private_for_profit"
"2002","raw","total","total",19694.0053664925,"private_for_profit"
"2002","raw","total","4yr",20039.0970050778,"private_for_profit"
"2002","raw","total","2yr",19404.2556670764,"private_for_profit"
"2002","raw","tuition","total",11309.8063958842,"private_for_profit"
"2002","raw","tuition","4yr",11406.8356331241,"private_for_profit"
"2002","raw","tuition","2yr",11128.8830018083,"private_for_profit"
"2002","raw","dorm","total",4578.20648023098,"private_for_profit"
"2002","raw","dorm","4yr",5383.56562824304,"private_for_profit"
"2002","raw","dorm","2yr",3529.80061083672,"private_for_profit"
"2002","raw","board","total",3805.99249037734,"private_for_profit"
"2002","raw","board","4yr",3248.69574371069,"private_for_profit"
"2002","raw","board","2yr",4745.57205443139,"private_for_profit"
"2002","inf","total","total",32409.3285207532,"private_for_profit"
"2002","inf","total","4yr",32977.2266235791,"private_for_profit"
"2002","inf","total","2yr",31932.503567047,"private_for_profit"
"2002","inf","tuition","total",18611.9189148778,"private_for_profit"
"2002","inf","tuition","4yr",18771.5945302392,"private_for_profit"
"2002","inf","tuition","2yr",18314.1833549153,"private_for_profit"
"2002","inf","dorm","total",7534.09959489985,"private_for_profit"
"2002","inf","dorm","4yr",8859.43432084266,"private_for_profit"
"2002","inf","dorm","2yr",5808.7964068498,"private_for_profit"
"2002","inf","board","total",6263.31001097554,"private_for_profit"
"2002","inf","board","4yr",5346.1977724973,"private_for_profit"
"2002","inf","board","2yr",7809.52380528187,"private_for_profit"
"2003","raw","total","total",21821.6719280559,"private_for_profit"
"2003","raw","total","4yr",21882.8153812178,"private_for_profit"
"2003","raw","total","2yr",22370.8288180013,"private_for_profit"
"2003","raw","tuition","total",12278.3658255518,"private_for_profit"
"2003","raw","tuition","4yr",12398.223557838,"private_for_profit"
"2003","raw","tuition","2yr",12023.7998178652,"private_for_profit"
"2003","raw","dorm","total",5091.88810534979,"private_for_profit"
"2003","raw","dorm","4yr",5754.23966667546,"private_for_profit"
"2003","raw","dorm","2yr",3991.66323535854,"private_for_profit"
"2003","raw","board","total",4451.41799715434,"private_for_profit"
"2003","raw","board","4yr",3730.35215670436,"private_for_profit"
"2003","raw","board","2yr",6355.36576477758,"private_for_profit"
"2003","inf","total","total",35141.9069694529,"private_for_profit"
"2003","inf","total","4yr",35240.3731891766,"private_for_profit"
"2003","inf","total","2yr",36026.2764348964,"private_for_profit"
"2003","inf","tuition","total",19773.2415280103,"private_for_profit"
"2003","inf","tuition","4yr",19966.2619936949,"private_for_profit"
"2003","inf","tuition","2yr",19363.2850870373,"private_for_profit"
"2003","inf","dorm","total",8200.04345620313,"private_for_profit"
"2003","inf","dorm","4yr",9266.70310656898,"private_for_profit"
"2003","inf","dorm","2yr",6428.22688072793,"private_for_profit"
"2003","inf","board","total",7168.62198523954,"private_for_profit"
"2003","inf","board","4yr",6007.40808891272,"private_for_profit"
"2003","inf","board","2yr",10234.7644671311,"private_for_profit"
"2004","raw","total","total",23098.3351607947,"private_for_profit"
"2004","raw","total","4yr",23415.1224662205,"private_for_profit"
"2004","raw","total","2yr",22352.5109457862,"private_for_profit"
"2004","raw","tuition","total",13035.9366427047,"private_for_profit"
"2004","raw","tuition","4yr",13197.4922860097,"private_for_profit"
"2004","raw","tuition","2yr",12607.220603379,"private_for_profit"
"2004","raw","dorm","total",5655.39945638925,"private_for_profit"
"2004","raw","dorm","4yr",5863.00247494973,"private_for_profit"
"2004","raw","dorm","2yr",5149.17731863711,"private_for_profit"
"2004","raw","board","total",4406.99906170077,"private_for_profit"
"2004","raw","board","4yr",4354.62770526101,"private_for_profit"
"2004","raw","board","2yr",4596.11302377004,"private_for_profit"
"2004","inf","total","total",36111.1813360117,"private_for_profit"
"2004","inf","total","4yr",36606.4362429798,"private_for_profit"
"2004","inf","total","2yr",34945.1841641171,"private_for_profit"
"2004","inf","tuition","total",20379.9567679869,"private_for_profit"
"2004","inf","tuition","4yr",20632.5275740919,"private_for_profit"
"2004","inf","tuition","2yr",19709.7161411204,"private_for_profit"
"2004","inf","dorm","total",8841.46644663321,"private_for_profit"
"2004","inf","dorm","4yr",9166.02621238919,"private_for_profit"
"2004","inf","dorm","2yr",8050.05532174405,"private_for_profit"
"2004","inf","board","total",6889.75812139158,"private_for_profit"
"2004","inf","board","4yr",6807.88245649868,"private_for_profit"
"2004","inf","board","2yr",7185.41270125265,"private_for_profit"
"2005","raw","total","total",23557.3522075531,"private_for_profit"
"2005","raw","total","4yr",23225.1907773306,"private_for_profit"
"2005","raw","total","2yr",25670.2786462511,"private_for_profit"
"2005","raw","tuition","total",13237.0202206483,"private_for_profit"
"2005","raw","tuition","4yr",13314.5213028637,"private_for_profit"
"2005","raw","tuition","2yr",12958.5674234745,"private_for_profit"
"2005","raw","dorm","total",6085.18332383305,"private_for_profit"
"2005","raw","dorm","4yr",6484.63327868175,"private_for_profit"
"2005","raw","dorm","2yr",4776.44513158489,"private_for_profit"
"2005","raw","board","total",4235.14866307177,"private_for_profit"
"2005","raw","board","4yr",3426.03619578518,"private_for_profit"
"2005","raw","board","2yr",7935.26609119171,"private_for_profit"
"2005","inf","total","total",35477.7332572191,"private_for_profit"
"2005","inf","total","4yr",34977.4930555215,"private_for_profit"
"2005","inf","total","2yr",38659.8328380124,"private_for_profit"
"2005","inf","tuition","total",19935.1552063649,"private_for_profit"
"2005","inf","tuition","4yr",20051.8730232809,"private_for_profit"
"2005","inf","tuition","2yr",19515.8010287045,"private_for_profit"
"2005","inf","dorm","total",9164.37929365455,"private_for_profit"
"2005","inf","dorm","4yr",9765.95704411102,"private_for_profit"
"2005","inf","dorm","2yr",7193.39952992591,"private_for_profit"
"2005","inf","board","total",6378.19875719961,"private_for_profit"
"2005","inf","board","4yr",5159.66298812958,"private_for_profit"
"2005","inf","board","2yr",11950.632279382,"private_for_profit"
"2006","raw","total","total",24006.8933973292,"private_for_profit"
"2006","raw","total","4yr",24711.6033651484,"private_for_profit"
"2006","raw","total","2yr",21250.8855407289,"private_for_profit"
"2006","raw","tuition","total",14277.09244381,"private_for_profit"
"2006","raw","tuition","4yr",14592.5929877249,"private_for_profit"
"2006","raw","tuition","2yr",13084.4572114554,"private_for_profit"
"2006","raw","dorm","total",6204.53382024113,"private_for_profit"
"2006","raw","dorm","4yr",6637.52063155236,"private_for_profit"
"2006","raw","dorm","2yr",4465.82725653742,"private_for_profit"
"2006","raw","board","total",3525.26713327807,"private_for_profit"
"2006","raw","board","4yr",3481.48974587117,"private_for_profit"
"2006","raw","board","2yr",3700.60107273615,"private_for_profit"
"2006","inf","total","total",35243.3732165209,"private_for_profit"
"2006","inf","total","4yr",36277.9242512673,"private_for_profit"
"2006","inf","total","2yr",31197.4097563493,"private_for_profit"
"2006","inf","tuition","total",20959.517298475,"private_for_profit"
"2006","inf","tuition","4yr",21422.6885732908,"private_for_profit"
"2006","inf","tuition","2yr",19208.6664945253,"private_for_profit"
"2006","inf","dorm","total",9108.57966677235,"private_for_profit"
"2006","inf","dorm","4yr",9744.22691759784,"private_for_profit"
"2006","inf","dorm","2yr",6556.06763098177,"private_for_profit"
"2006","inf","board","total",5175.27625127355,"private_for_profit"
"2006","inf","board","4yr",5111.00876037874,"private_for_profit"
"2006","inf","board","2yr",5432.67563084223,"private_for_profit"
"2007","raw","total","total",24745.9093931015,"private_for_profit"
"2007","raw","total","4yr",25082.6366679,"private_for_profit"
"2007","raw","total","2yr",23523.996816598,"private_for_profit"
"2007","raw","tuition","total",14408.8402389514,"private_for_profit"
"2007","raw","tuition","4yr",14643.4413472152,"private_for_profit"
"2007","raw","tuition","2yr",13364.8126883224,"private_for_profit"
"2007","raw","dorm","total",6445.34659234742,"private_for_profit"
"2007","raw","dorm","4yr",6780.9630426794,"private_for_profit"
"2007","raw","dorm","2yr",4900.82578244851,"private_for_profit"
"2007","raw","board","total",3891.72256180267,"private_for_profit"
"2007","raw","board","4yr",3658.23227800546,"private_for_profit"
"2007","raw","board","2yr",5258.35834582709,"private_for_profit"
"2007","inf","total","total",35030.2407067395,"private_for_profit"
"2007","inf","total","4yr",35506.9109030672,"private_for_profit"
"2007","inf","total","2yr",33300.5046522851,"private_for_profit"
"2007","inf","tuition","total",20397.1142808811,"private_for_profit"
"2007","inf","tuition","4yr",20729.2149590982,"private_for_profit"
"2007","inf","tuition","2yr",18919.1917757096,"private_for_profit"
"2007","inf","dorm","total",9124.01476064708,"private_for_profit"
"2007","inf","dorm","4yr",9599.11247694069,"private_for_profit"
"2007","inf","dorm","2yr",6937.59538571759,"private_for_profit"
"2007","inf","board","total",5509.11166521127,"private_for_profit"
"2007","inf","board","4yr",5178.58346702829,"private_for_profit"
"2007","inf","board","2yr",7443.71749085794,"private_for_profit"
"2008","raw","total","total",24310.6700551732,"private_for_profit"
"2008","raw","total","4yr",24437.0578979261,"private_for_profit"
"2008","raw","total","2yr",24647.9222932442,"private_for_profit"
"2008","raw","tuition","total",14313.4461369047,"private_for_profit"
"2008","raw","tuition","4yr",14426.9410094741,"private_for_profit"
"2008","raw","tuition","2yr",13731.1667889343,"private_for_profit"
"2008","raw","dorm","total",6212.32261129667,"private_for_profit"
"2008","raw","dorm","4yr",6441.47295202308,"private_for_profit"
"2008","raw","dorm","2yr",4919.93857324841,"private_for_profit"
"2008","raw","board","total",3784.9013069718,"private_for_profit"
"2008","raw","board","4yr",3568.64393642891,"private_for_profit"
"2008","raw","board","2yr",5996.8169310615,"private_for_profit"
"2008","inf","total","total",33940.2754174241,"private_for_profit"
"2008","inf","total","4yr",34116.7262590798,"private_for_profit"
"2008","inf","total","2yr",34411.1153333661,"private_for_profit"
"2008","inf","tuition","total",19983.0898513485,"private_for_profit"
"2008","inf","tuition","4yr",20141.5407383346,"private_for_profit"
"2008","inf","tuition","2yr",19170.1660859753,"private_for_profit"
"2008","inf","dorm","total",8673.06166102291,"private_for_profit"
"2008","inf","dorm","4yr",8992.97985573331,"private_for_profit"
"2008","inf","dorm","2yr",6868.75638696459,"private_for_profit"
"2008","inf","board","total",5284.12390505278,"private_for_profit"
"2008","inf","board","4yr",4982.20566501186,"private_for_profit"
"2008","inf","board","2yr",8372.19286042626,"private_for_profit"
"2009","raw","total","total",24118.4494521779,"private_for_profit"
"2009","raw","total","4yr",23884.8689582901,"private_for_profit"
"2009","raw","total","2yr",25972.5730077433,"private_for_profit"
"2009","raw","tuition","total",14028.942993449,"private_for_profit"
"2009","raw","tuition","4yr",13769.3919264461,"private_for_profit"
"2009","raw","tuition","2yr",15131.5628427709,"private_for_profit"
"2009","raw","dorm","total",6242.14978033611,"private_for_profit"
"2009","raw","dorm","4yr",6332.18736018928,"private_for_profit"
"2009","raw","dorm","2yr",5683.06124785346,"private_for_profit"
"2009","raw","board","total",3847.35667839283,"private_for_profit"
"2009","raw","board","4yr",3783.28967165475,"private_for_profit"
"2009","raw","board","2yr",5157.9489171189,"private_for_profit"
"2009","inf","total","total",33349.1810043487,"private_for_profit"
"2009","inf","total","4yr",33026.2034354467,"private_for_profit"
"2009","inf","total","2yr",35912.9238428583,"private_for_profit"
"2009","inf","tuition","total",19398.1690288955,"private_for_profit"
"2009","inf","tuition","4yr",19039.2813014521,"private_for_profit"
"2009","inf","tuition","2yr",20922.7889679565,"private_for_profit"
"2009","inf","dorm","total",8631.17603366027,"private_for_profit"
"2009","inf","dorm","4yr",8755.67323874265,"private_for_profit"
"2009","inf","dorm","2yr",7858.11038927922,"private_for_profit"
"2009","inf","board","total",5319.83594179294,"private_for_profit"
"2009","inf","board","4yr",5231.24889525202,"private_for_profit"
"2009","inf","board","2yr",7132.02448562255,"private_for_profit"
"2010","raw","total","total",22981.5960469543,"private_for_profit"
"2010","raw","total","4yr",22874.6123088927,"private_for_profit"
"2010","raw","total","2yr",25786.6970380794,"private_for_profit"
"2010","raw","tuition","total",13738.7615190237,"private_for_profit"
"2010","raw","tuition","4yr",13726.5947072588,"private_for_profit"
"2010","raw","tuition","2yr",13792.3131316845,"private_for_profit"
"2010","raw","dorm","total",5459.77150835469,"private_for_profit"
"2010","raw","dorm","4yr",5478.91097106619,"private_for_profit"
"2010","raw","dorm","2yr",5326.72106188498,"private_for_profit"
"2010","raw","board","total",3783.06301957599,"private_for_profit"
"2010","raw","board","4yr",3669.10663056769,"private_for_profit"
"2010","raw","board","2yr",6667.66284450995,"private_for_profit"
"2010","inf","total","total",31151.6933125088,"private_for_profit"
"2010","inf","total","4yr",31006.6762044405,"private_for_profit"
"2010","inf","total","2yr",34954.0247784177,"private_for_profit"
"2010","inf","tuition","total",18622.9748560497,"private_for_profit"
"2010","inf","tuition","4yr",18606.4826686527,"private_for_profit"
"2010","inf","tuition","2yr",18695.5643929379,"private_for_profit"
"2010","inf","dorm","total",7400.75350890083,"private_for_profit"
"2010","inf","dorm","4yr",7426.69716709309,"private_for_profit"
"2010","inf","dorm","2yr",7220.40281893793,"private_for_profit"
"2010","inf","board","total",5127.96494755823,"private_for_profit"
"2010","inf","board","4yr",4973.49636869475,"private_for_profit"
"2010","inf","board","2yr",9038.05756654184,"private_for_profit"
"2011","raw","total","total",22971.9601398538,"private_for_profit"
"2011","raw","total","4yr",22922.9890905043,"private_for_profit"
"2011","raw","total","2yr",23485.6192825634,"private_for_profit"
"2011","raw","tuition","total",13750.7428252039,"private_for_profit"
"2011","raw","tuition","4yr",13712.0063088381,"private_for_profit"
"2011","raw","tuition","2yr",13943.7938855395,"private_for_profit"
"2011","raw","dorm","total",5557.82424784871,"private_for_profit"
"2011","raw","dorm","4yr",5550.69912341342,"private_for_profit"
"2011","raw","dorm","2yr",5626.77975383865,"private_for_profit"
"2011","raw","board","total",3663.39306680124,"private_for_profit"
"2011","raw","board","4yr",3660.28365825276,"private_for_profit"
"2011","raw","board","2yr",3915.0456431853,"private_for_profit"
"2011","inf","total","total",30252.2770970113,"private_for_profit"
"2011","inf","total","4yr",30187.7860502902,"private_for_profit"
"2011","inf","total","2yr",30928.7260645377,"private_for_profit"
"2011","inf","tuition","total",18108.6541899447,"private_for_profit"
"2011","inf","tuition","4yr",18057.641223714,"private_for_profit"
"2011","inf","tuition","2yr",18362.8873566222,"private_for_profit"
"2011","inf","dorm","total",7319.22039646537,"private_for_profit"
"2011","inf","dorm","4yr",7309.83716414845,"private_for_profit"
"2011","inf","dorm","2yr",7410.02941153732,"private_for_profit"
"2011","inf","board","total",4824.40251060118,"private_for_profit"
"2011","inf","board","4yr",4820.30766242785,"private_for_profit"
"2011","inf","board","2yr",5155.80929637822,"private_for_profit"
"2012","raw","total","total",23165.3945588963,"private_for_profit"
"2012","raw","total","4yr",23088.3862718654,"private_for_profit"
"2012","raw","total","2yr",24015.9218330154,"private_for_profit"
"2012","raw","tuition","total",13770.266408342,"private_for_profit"
"2012","raw","tuition","4yr",13690.7778251069,"private_for_profit"
"2012","raw","tuition","2yr",14211.5450405261,"private_for_profit"
"2012","raw","dorm","total",5740.33118970289,"private_for_profit"
"2012","raw","dorm","4yr",5746.98040799735,"private_for_profit"
"2012","raw","dorm","2yr",5669.35929510714,"private_for_profit"
"2012","raw","board","total",3654.79696085146,"private_for_profit"
"2012","raw","board","4yr",3650.62803876117,"private_for_profit"
"2012","raw","board","2yr",4135.0174973822,"private_for_profit"
"2012","inf","total","total",30007.6129377867,"private_for_profit"
"2012","inf","total","4yr",29907.8591924167,"private_for_profit"
"2012","inf","total","2yr",31109.3551580588,"private_for_profit"
"2012","inf","tuition","total",17837.5042730729,"private_for_profit"
"2012","inf","tuition","4yr",17734.5376418495,"private_for_profit"
"2012","inf","tuition","2yr",18409.120627745,"private_for_profit"
"2012","inf","dorm","total",7435.81707781264,"private_for_profit"
"2012","inf","dorm","4yr",7444.43023432123,"private_for_profit"
"2012","inf","dorm","2yr",7343.88265653282,"private_for_profit"
"2012","inf","board","total",4734.29158690122,"private_for_profit"
"2012","inf","board","4yr",4728.89131624599,"private_for_profit"
"2012","inf","board","2yr",5356.35187378101,"private_for_profit"
"2013","raw","total","total",23136.5996409154,"private_for_profit"
"2013","raw","total","4yr",23046.7275970462,"private_for_profit"
"2013","raw","total","2yr",24345.9581308371,"private_for_profit"
"2013","raw","tuition","total",13789.3252598767,"private_for_profit"
"2013","raw","tuition","4yr",13713.9775097482,"private_for_profit"
"2013","raw","tuition","2yr",14195.8744327294,"private_for_profit"
"2013","raw","dorm","total",5803.43856131723,"private_for_profit"
"2013","raw","dorm","4yr",5794.83712331215,"private_for_profit"
"2013","raw","dorm","2yr",5890.5091382055,"private_for_profit"
"2013","raw","board","total",3543.83581972148,"private_for_profit"
"2013","raw","board","4yr",3537.91296398584,"private_for_profit"
"2013","raw","board","2yr",4259.5745599022,"private_for_profit"
"2013","inf","total","total",29509.3411956952,"private_for_profit"
"2013","inf","total","4yr",29394.7148094651,"private_for_profit"
"2013","inf","total","2yr",31051.8052077318,"private_for_profit"
"2013","inf","tuition","total",17587.4549530832,"private_for_profit"
"2013","inf","tuition","4yr",17491.3534298958,"private_for_profit"
"2013","inf","tuition","2yr",18105.9839694786,"private_for_profit"
"2013","inf","dorm","total",7401.93681319149,"private_for_profit"
"2013","inf","dorm","4yr",7390.96619638502,"private_for_profit"
"2013","inf","dorm","2yr",7512.99009679322,"private_for_profit"
"2013","inf","board","total",4519.94942942056,"private_for_profit"
"2013","inf","board","4yr",4512.39518318436,"private_for_profit"
"2013","inf","board","2yr",5432.83114146,"private_for_profit"
"2014","raw","total","total",23373.0293858618,"private_for_profit"
"2014","raw","total","4yr",23276.5081295146,"private_for_profit"
"2014","raw","total","2yr",25629.2229623654,"private_for_profit"
"2014","raw","tuition","total",13971.6570737159,"private_for_profit"
"2014","raw","tuition","4yr",13924.4894614385,"private_for_profit"
"2014","raw","tuition","2yr",14255.6800928978,"private_for_profit"
"2014","raw","dorm","total",5796.01897464936,"private_for_profit"
"2014","raw","dorm","4yr",5797.87782597453,"private_for_profit"
"2014","raw","dorm","2yr",5779.58309517005,"private_for_profit"
"2014","raw","board","total",3605.35333749653,"private_for_profit"
"2014","raw","board","4yr",3554.14084210152,"private_for_profit"
"2014","raw","board","2yr",5593.95977429756,"private_for_profit"
"2014","inf","total","total",29595.3823628912,"private_for_profit"
"2014","inf","total","4yr",29473.1652792353,"private_for_profit"
"2014","inf","total","2yr",32452.2183544513,"private_for_profit"
"2014","inf","tuition","total",17691.1827095009,"private_for_profit"
"2014","inf","tuition","4yr",17631.4581655641,"private_for_profit"
"2014","inf","tuition","2yr",18050.8181557146,"private_for_profit"
"2014","inf","dorm","total",7339.03144968794,"private_for_profit"
"2014","inf","dorm","4yr",7341.38516322742,"private_for_profit"
"2014","inf","dorm","2yr",7318.22002085558,"private_for_profit"
"2014","inf","board","total",4565.16820370229,"private_for_profit"
"2014","inf","board","4yr",4500.32195044382,"private_for_profit"
"2014","inf","board","2yr",7083.1801778811,"private_for_profit"
"2015","raw","total","total",23776.9776684545,"private_for_profit"
"2015","raw","total","4yr",23722.3750857975,"private_for_profit"
"2015","raw","total","2yr",24310.3703217025,"private_for_profit"
"2015","raw","tuition","total",14192.6541097752,"private_for_profit"
"2015","raw","tuition","4yr",14150.238046628,"private_for_profit"
"2015","raw","tuition","2yr",14476.9654295685,"private_for_profit"
"2015","raw","dorm","total",5849.31068738097,"private_for_profit"
"2015","raw","dorm","4yr",5841.50382837499,"private_for_profit"
"2015","raw","dorm","2yr",5927.93131387533,"private_for_profit"
"2015","raw","board","total",3735.01287129836,"private_for_profit"
"2015","raw","board","4yr",3730.63321079446,"private_for_profit"
"2015","raw","board","2yr",3905.47357825868,"private_for_profit"
"2015","inf","total","total",29905.2076927339,"private_for_profit"
"2015","inf","total","4yr",29836.5319511116,"private_for_profit"
"2015","inf","total","2yr",30576.0758871522,"private_for_profit"
"2015","inf","tuition","total",17850.6400090987,"private_for_profit"
"2015","inf","tuition","4yr",17797.2917158206,"private_for_profit"
"2015","inf","tuition","2yr",18208.229152108,"private_for_profit"
"2015","inf","dorm","total",7356.90016639638,"private_for_profit"
"2015","inf","dorm","4yr",7347.08118337604,"private_for_profit"
"2015","inf","dorm","2yr",7455.78431378599,"private_for_profit"
"2015","inf","board","total",4697.66751723884,"private_for_profit"
"2015","inf","board","4yr",4692.15905191497,"private_for_profit"
"2015","inf","board","2yr",4912.06242125819,"private_for_profit"
"2016","raw","total","total",25430.9896402993,"private_for_profit"
"2016","raw","total","4yr",25531.2942391927,"private_for_profit"
"2016","raw","total","2yr",25026.6563506903,"private_for_profit"
"2016","raw","tuition","total",14419.1573299426,"private_for_profit"
"2016","raw","tuition","4yr",14422.520159836,"private_for_profit"
"2016","raw","tuition","2yr",14398.7352130747,"private_for_profit"
"2016","raw","dorm","total",6888.64695380903,"private_for_profit"
"2016","raw","dorm","4yr",6995.8311692996,"private_for_profit"
"2016","raw","dorm","2yr",6287.9674441205,"private_for_profit"
"2016","raw","board","total",4123.18535654769,"private_for_profit"
"2016","raw","board","4yr",4112.94291005704,"private_for_profit"
"2016","raw","board","2yr",4339.95369349504,"private_for_profit"
"2016","inf","total","total",31407.7794505518,"private_for_profit"
"2016","inf","total","4yr",31531.6576308538,"private_for_profit"
"2016","inf","total","2yr",30908.4197730805,"private_for_profit"
"2016","inf","tuition","total",17807.9469060062,"private_for_profit"
"2016","inf","tuition","4yr",17812.1000679994,"private_for_profit"
"2016","inf","tuition","2yr",17782.7251843363,"private_for_profit"
"2016","inf","dorm","total",8507.61638843572,"private_for_profit"
"2016","inf","dorm","4yr",8639.99103245562,"private_for_profit"
"2016","inf","dorm","2yr",7765.76521285793,"private_for_profit"
"2016","inf","board","total",5092.21615610986,"private_for_profit"
"2016","inf","board","4yr",5079.56653039878,"private_for_profit"
"2016","inf","board","2yr",5359.92937588628,"private_for_profit"
"2017","raw","total","total",26253.3425049836,"private_for_profit"
"2017","raw","total","4yr",26403.5240958507,"private_for_profit"
"2017","raw","total","2yr",25065.0155395369,"private_for_profit"
"2017","raw","tuition","total",14668.6403145806,"private_for_profit"
"2017","raw","tuition","4yr",14677.387034646,"private_for_profit"
"2017","raw","tuition","2yr",14605.7052189334,"private_for_profit"
"2017","raw","dorm","total",7267.88057254261,"private_for_profit"
"2017","raw","dorm","4yr",7411.30949932385,"private_for_profit"
"2017","raw","dorm","2yr",6102.2085568494,"private_for_profit"
"2017","raw","board","total",4316.82161786032,"private_for_profit"
"2017","raw","board","4yr",4314.82756188086,"private_for_profit"
"2017","raw","board","2yr",4357.10176375405,"private_for_profit"
"2017","inf","total","total",31708.619606998,"private_for_profit"
"2017","inf","total","4yr",31890.0079744365,"private_for_profit"
"2017","inf","total","2yr",30273.3658784896,"private_for_profit"
"2017","inf","tuition","total",17716.6902004429,"private_for_profit"
"2017","inf","tuition","4yr",17727.2544331424,"private_for_profit"
"2017","inf","tuition","2yr",17640.6775933843,"private_for_profit"
"2017","inf","dorm","total",8778.09979358242,"private_for_profit"
"2017","inf","dorm","4yr",8951.33233641322,"private_for_profit"
"2017","inf","dorm","2yr",7370.2085688699,"private_for_profit"
"2017","inf","board","total",5213.82961297273,"private_for_profit"
"2017","inf","board","4yr",5211.42120488085,"private_for_profit"
"2017","inf","board","2yr",5262.47971623543,"private_for_profit"
"2018","raw","total","total",27040.5151965674,"private_for_profit"
"2018","raw","total","4yr",26574.3275517271,"private_for_profit"
"2018","raw","total","2yr",30046.0860793867,"private_for_profit"
"2018","raw","tuition","total",14779.722738465,"private_for_profit"
"2018","raw","tuition","4yr",14714.7635330296,"private_for_profit"
"2018","raw","tuition","2yr",15363.4385389341,"private_for_profit"
"2018","raw","dorm","total",7118.80758192652,"private_for_profit"
"2018","raw","dorm","4yr",7411.15673624961,"private_for_profit"
"2018","raw","dorm","2yr",5296.12894998618,"private_for_profit"
"2018","raw","board","total",5141.98487617585,"private_for_profit"
"2018","raw","board","4yr",4448.40728244786,"private_for_profit"
"2018","raw","board","2yr",9386.51859046643,"private_for_profit"
"2018","inf","total","total",31996.2916621258,"private_for_profit"
"2018","inf","total","4yr",31444.6647517228,"private_for_profit"
"2018","inf","total","2yr",35552.7003281149,"private_for_profit"
"2018","inf","tuition","total",17488.436000114,"private_for_profit"
"2018","inf","tuition","4yr",17411.571573969,"private_for_profit"
"2018","inf","tuition","2yr",18179.1307174237,"private_for_profit"
"2018","inf","dorm","total",8423.4875712275,"private_for_profit"
"2018","inf","dorm","4yr",8769.41621722036,"private_for_profit"
"2018","inf","dorm","2yr",6266.76249813087,"private_for_profit"
"2018","inf","board","total",6084.3680907843,"private_for_profit"
"2018","inf","board","4yr",5263.67696053346,"private_for_profit"
"2018","inf","board","2yr",11106.8071125603,"private_for_profit"
"2019","raw","total","total",27561.0936067118,"private_for_profit"
"2019","raw","total","4yr",27696.6408288643,"private_for_profit"
"2019","raw","total","2yr",24971.2854605925,"private_for_profit"
"2019","raw","tuition","total",14992.0360352599,"private_for_profit"
"2019","raw","tuition","4yr",14957.3192524104,"private_for_profit"
"2019","raw","tuition","2yr",15339.2873309167,"private_for_profit"
"2019","raw","dorm","total",7421.22651117701,"private_for_profit"
"2019","raw","dorm","4yr",7558.19826518219,"private_for_profit"
"2019","raw","dorm","2yr",5311.99812967581,"private_for_profit"
"2019","raw","board","total",5147.8310602749,"private_for_profit"
"2019","raw","board","4yr",5181.12331127166,"private_for_profit"
"2019","raw","board","2yr",4320,"private_for_profit"
"2019","inf","total","total",32109.9651577476,"private_for_profit"
"2019","inf","total","4yr",32267.8840212968,"private_for_profit"
"2019","inf","total","2yr",29092.7173473454,"private_for_profit"
"2019","inf","tuition","total",17466.4242865406,"private_for_profit"
"2019","inf","tuition","4yr",17425.9776082052,"private_for_profit"
"2019","inf","tuition","2yr",17870.9883130497,"private_for_profit"
"2019","inf","dorm","total",8646.07653462691,"private_for_profit"
"2019","inf","dorm","4yr",8805.65504451706,"private_for_profit"
"2019","inf","dorm","2yr",6188.72666287717,"private_for_profit"
"2019","inf","board","total",5997.46433658004,"private_for_profit"
"2019","inf","board","4yr",6036.25136857461,"private_for_profit"
"2019","inf","board","2yr",5033.00237141857,"private_for_profit"
"2020","raw","total","total",27424.5981332509,"private_for_profit"
"2020","raw","total","4yr",27671.8684622641,"private_for_profit"
"2020","raw","total","2yr",23599.4355063041,"private_for_profit"
"2020","raw","tuition","total",15370.4830920918,"private_for_profit"
"2020","raw","tuition","4yr",15400.4569731319,"private_for_profit"
"2020","raw","tuition","2yr",15080.0083898178,"private_for_profit"
"2020","raw","dorm","total",7168.9811269281,"private_for_profit"
"2020","raw","dorm","4yr",7369.72953860602,"private_for_profit"
"2020","raw","dorm","2yr",4039.42711648631,"private_for_profit"
"2020","raw","board","total",4885.13391423095,"private_for_profit"
"2020","raw","board","4yr",4901.68195052616,"private_for_profit"
"2020","raw","board","2yr",4480,"private_for_profit"
"2020","inf","total","total",31232.0329072027,"private_for_profit"
"2020","inf","total","4yr",31513.6324776026,"private_for_profit"
"2020","inf","total","2yr",26875.8120991627,"private_for_profit"
"2020","inf","tuition","total",17504.4108722883,"private_for_profit"
"2020","inf","tuition","4yr",17538.5461122816,"private_for_profit"
"2020","inf","tuition","2yr",17173.6087428988,"private_for_profit"
"2020","inf","dorm","total",8164.27111819239,"private_for_profit"
"2020","inf","dorm","4yr",8392.89000147119,"private_for_profit"
"2020","inf","dorm","2yr",4600.23224462077,"private_for_profit"
"2020","inf","board","total",5563.35091672197,"private_for_profit"
"2020","inf","board","4yr",5582.19636384977,"private_for_profit"
"2020","inf","board","2yr",5101.97111164313,"private_for_profit"
"2021","raw","total","total",27688.7886301884,"private_for_profit"
"2021","raw","total","4yr",27863.1813061056,"private_for_profit"
"2021","raw","total","2yr",24313.9832963173,"private_for_profit"
"2021","raw","tuition","total",15535.4126155636,"private_for_profit"
"2021","raw","tuition","4yr",15504.8735410968,"private_for_profit"
"2021","raw","tuition","2yr",15839.2124983546,"private_for_profit"
"2021","raw","dorm","total",7162.37649623832,"private_for_profit"
"2021","raw","dorm","4yr",7349.60752508831,"private_for_profit"
"2021","raw","dorm","2yr",3994.77079796265,"private_for_profit"
"2021","raw","board","total",4990.99951838639,"private_for_profit"
"2021","raw","board","4yr",5008.7002399205,"private_for_profit"
"2021","raw","board","2yr",4480,"private_for_profit"
"2021","inf","total","total",29422.5946812847,"private_for_profit"
"2021","inf","total","4yr",29607.9074115536,"private_for_profit"
"2021","inf","total","2yr",25836.4670686644,"private_for_profit"
"2021","inf","tuition","total",16508.203182854,"private_for_profit"
"2021","inf","tuition","4yr",16475.75182422,"private_for_profit"
"2021","inf","tuition","2yr",16831.0262913317,"private_for_profit"
"2021","inf","dorm","total",7610.86746762987,"private_for_profit"
"2021","inf","dorm","4yr",7809.82245793981,"private_for_profit"
"2021","inf","dorm","2yr",4244.91383869862,"private_for_profit"
"2021","inf","board","total",5303.52403080088,"private_for_profit"
"2021","inf","board","4yr",5322.33312939382,"private_for_profit"
"2021","inf","board","2yr",4760.52693863404,"private_for_profit"
"2022","raw","total","total",27651.3221161531,"private_for_profit"
"2022","raw","total","4yr",27766.9968232394,"private_for_profit"
"2022","raw","total","2yr",24948.4925823288,"private_for_profit"
"2022","raw","tuition","total",15918.9096439916,"private_for_profit"
"2022","raw","tuition","4yr",15868.2275589766,"private_for_profit"
"2022","raw","tuition","2yr",16443.8825437188,"private_for_profit"
"2022","raw","dorm","total",7104.4275210084,"private_for_profit"
"2022","raw","dorm","4yr",7267.03203991357,"private_for_profit"
"2022","raw","dorm","2yr",4024.61003861004,"private_for_profit"
"2022","raw","board","total",4627.98495115307,"private_for_profit"
"2022","raw","board","4yr",4631.73722434925,"private_for_profit"
"2022","raw","board","2yr",4480,"private_for_profit"
"2022","inf","total","total",27651.3221161531,"private_for_profit"
"2022","inf","total","4yr",27766.9968232394,"private_for_profit"
"2022","inf","total","2yr",24948.4925823288,"private_for_profit"
"2022","inf","tuition","total",15918.9096439916,"private_for_profit"
"2022","inf","tuition","4yr",15868.2275589766,"private_for_profit"
"2022","inf","tuition","2yr",16443.8825437188,"private_for_profit"
"2022","inf","dorm","total",7104.4275210084,"private_for_profit"
"2022","inf","dorm","4yr",7267.03203991357,"private_for_profit"
"2022","inf","dorm","2yr",4024.61003861004,"private_for_profit"
"2022","inf","board","total",4627.98495115307,"private_for_profit"
"2022","inf","board","4yr",4631.73722434925,"private_for_profit"
"2022","inf","board","2yr",4480,"private_for_profit"
